SET NOCOUNT ON;

-- Seed Account
SET IDENTITY_INSERT [Account] ON;
INSERT INTO [Account] ([Id], [AccountNo], [Name], [InitialBalance], [TotalBalance], [Note], [IsDefault], [IsActive], [CreatedDate], [ModifiedDate]) VALUES
(1, '11111', 'Sales Account', 1000, 1000, 'this is first account', 1, 1, '2018-12-18 02:58:02', '2019-01-20 09:59:06'),
(3, '21211', 'Sa', NULL, 0, NULL, 0, 1, '2018-12-18 02:58:56', '2019-01-20 09:59:06');
SET IDENTITY_INSERT [Account] OFF;

-- Seed Attendance
SET IDENTITY_INSERT [Attendance] ON;
INSERT INTO [Attendance] ([Id], [Date], [EmployeeId], [UserId], [Checkin], [Checkout], [Status], [Note], [CreatedDate], [ModifiedDate]) VALUES
(1, '2019-01-02', 1, 1, '10:00am', '6:30pm', 1, NULL, '2019-01-02 03:30:50', '2019-01-02 03:30:50'),
(3, '2019-01-02', 3, 1, '10:15am', '6:30pm', 0, NULL, '2019-01-02 03:57:12', '2019-01-02 03:57:12'),
(6, '2020-02-03', 1, 1, '11:30am', '6:00pm', 0, NULL, '2020-02-03 09:57:30', '2020-02-03 09:57:30');
SET IDENTITY_INSERT [Attendance] OFF;

-- Seed Biller
SET IDENTITY_INSERT [Biller] ON;
INSERT INTO [Biller] ([Id], [Name], [Image], [CompanyName], [VatNumber], [Email], [PhoneNumber], [Address], [City], [State], [PostalCode], [Country], [IsActive], [CreatedDate], [ModifiedDate]) VALUES
(1, 'yousuf', 'aks.jpg', 'aks', '31123', 'yousuf@kds.com', '442343324', 'halishahar', 'chittagong', NULL, NULL, 'sdgs', 1, '2018-05-12 21:49:30', '2019-03-02 05:20:38'),
(2, 'tariq', NULL, 'big tree', NULL, 'tariq@bigtree.com', '321312', 'khulshi', 'chittagong', NULL, NULL, NULL, 1, '2018-05-12 21:57:54', '2018-06-15 00:07:11'),
(3, 'test', NULL, 'test', NULL, 'test@test.com', '3211', 'erewrwqre', 'afsf', NULL, NULL, NULL, 0, '2018-05-30 02:38:58', '2018-05-30 02:39:57'),
(5, 'modon', 'mogaTel.jpg', 'mogaTel', '', 'modon@gmail.com', '32321', 'nasirabad', 'chittagong', '', '', 'bd', 1, '2018-09-01 03:59:54', '2018-10-07 02:35:51'),
(6, 'a', NULL, 'a', NULL, 'a@a.com', 'q', 'q', 'q', NULL, NULL, NULL, 0, '2018-10-07 02:33:39', '2018-10-07 02:34:18'),
(7, 'a', NULL, 'a', NULL, 'a@a.com', 'a', 'a', 'a', NULL, NULL, NULL, 0, '2018-10-07 02:34:36', '2018-10-07 02:36:07'),
(8, 'x', 'x.png', 'x', NULL, 'x@x.com', 'x', 'x', 'x', NULL, NULL, NULL, 1, '2019-03-18 11:02:42', '2019-12-21 11:01:24');
SET IDENTITY_INSERT [Biller] OFF;

-- Seed Brand
SET IDENTITY_INSERT [Brand] ON;
INSERT INTO [Brand] ([Id], [Title], [Image], [IsActive], [CreatedDate], [ModifiedDate]) VALUES
(3, 'HP', 'HP.jpg', 1, '2018-05-12 09:06:14', '2019-03-02 05:32:21'),
(4, 'samsung', 'samsung.jpg', 1, '2018-05-12 09:08:41', '2018-07-04 03:38:37'),
(5, 'Apple', 'Apple.jpg', 1, '2018-08-31 23:34:49', '2018-12-06 03:05:38'),
(6, 'jjjj', '20201019093419.jpg', 0, '2020-10-19 15:33:52', '2020-10-19 15:35:58'),
(7, 'Lotto', NULL, 1, '2020-11-16 04:13:41', '2020-11-16 04:13:41');
SET IDENTITY_INSERT [Brand] OFF;

-- Seed CashRegister
SET IDENTITY_INSERT [CashRegister] ON;
INSERT INTO [CashRegister] ([Id], [CashInHand], [UserId], [WarehouseId], [Status], [CreatedDate], [ModifiedDate]) VALUES
(1, 100, 9, 1, 0, '2020-10-13 07:32:54', '2020-10-24 00:27:42'),
(2, 50, 9, 1, 1, '2020-10-13 15:25:26', '2020-10-13 15:25:26'),
(3, 200, 1, 1, 0, '2020-10-22 07:53:07', '2021-06-19 04:52:48'),
(4, 100, 1, 2, 1, '2020-10-24 01:04:39', '2020-10-24 01:04:39'),
(5, 1000, 1, 1, 1, '2021-06-19 04:53:22', '2021-06-19 04:53:22');
SET IDENTITY_INSERT [CashRegister] OFF;

-- Seed Category
SET IDENTITY_INSERT [Category] ON;
INSERT INTO [Category] ([Id], [Name], [Image], [ParentId], [IsActive], [CreatedDate], [ModifiedDate]) VALUES
(1, 'Fruits', NULL, 9, 1, '2018-05-12 03:27:25', '2019-03-01 15:07:21'),
(2, 'electronics', NULL, NULL, 1, '2018-05-12 03:35:57', '2019-03-01 15:07:21'),
(3, 'computer', '20200701093146.jpg', 2, 1, '2018-05-12 03:36:08', '2020-07-01 15:31:46'),
(4, 'toy', NULL, NULL, 1, '2018-05-23 22:57:48', '2019-03-01 15:09:27'),
(7, 'jacket', NULL, NULL, 0, '2018-05-27 22:39:51', '2018-05-27 22:40:48'),
(9, 'food', NULL, NULL, 1, '2018-06-25 01:21:40', '2018-09-03 03:41:28'),
(10, 'anda', NULL, NULL, 0, '2018-08-28 23:36:31', '2018-08-28 23:37:34'),
(11, 'anda', NULL, NULL, 0, '2018-08-28 23:48:06', '2018-08-28 23:53:22'),
(12, 'accessories', NULL, NULL, 1, '2018-12-04 23:28:53', '2019-04-10 04:17:03'),
(14, 'nn', NULL, NULL, 0, '2019-04-10 04:22:30', '2019-04-10 05:38:47'),
(15, 'nm', NULL, NULL, 0, '2019-04-10 04:22:36', '2019-04-10 05:41:43'),
(16, 'desktop', NULL, 3, 1, '2020-03-11 10:42:33', '2020-03-11 10:42:33'),
(17, 'tostos', '20200701080042.png', NULL, 0, '2020-07-01 14:00:42', '2020-07-01 15:35:34'),
(19, 'Paracetamol', NULL, NULL, 1, '2021-03-07 07:16:01', '2021-03-07 07:16:01'),
(20, 'Automobile', NULL, NULL, 1, '2021-07-15 12:35:12', '2021-07-15 12:35:12');
SET IDENTITY_INSERT [Category] OFF;

-- Seed Coupon
SET IDENTITY_INSERT [Coupon] ON;
INSERT INTO [Coupon] ([Id], [Code], [Type], [Amount], [MinimumAmount], [Quantity], [Used], [ExpiredDate], [UserId], [IsActive], [CreatedDate], [ModifiedDate]) VALUES
(1, 'sonar bangla', 'percentage', 20, 0, 100, 4, '2020-11-19', 1, 1, '2018-10-25 22:38:50', '2020-11-18 00:52:39'),
(2, 'i love bangladesh', 'fixed', 200, 1000, 50, 1, '2018-12-31', 1, 1, '2018-10-27 02:59:26', '2019-03-02 05:46:48');
SET IDENTITY_INSERT [Coupon] OFF;

-- Seed Currency
SET IDENTITY_INSERT [Currency] ON;
INSERT INTO [Currency] ([Id], [Name], [Code], [ExchangeRate], [CreatedDate], [ModifiedDate]) VALUES
(1, 'US Dollar', 'USD', 1, '2020-11-01 00:22:58', '2020-11-01 00:34:55'),
(2, 'Euro', 'Euro', 0.85, '2020-11-01 01:29:12', '2020-11-10 23:15:34');
SET IDENTITY_INSERT [Currency] OFF;

-- Seed Customer
SET IDENTITY_INSERT [Customer] ON;
INSERT INTO [Customer] ([Id], [CustomerGroupId], [UserId], [Name], [CompanyName], [Email], [PhoneNumber], [TaxNo], [Address], [City], [State], [PostalCode], [Country], [Points], [Deposit], [Expense], [IsActive], [CreatedDate], [ModifiedDate]) VALUES
(1, 1, 22, 'dhiman', 'lioncoders', 'dhiman@gmail.com', '+8801111111101', NULL, 'kajir deuri', 'chittagong', NULL, NULL, 'bd', 11, 190, 20, 1, '2018-05-12 10:00:48', '2021-08-08 14:39:20'),
(2, 2, NULL, 'moinul', 'lioncoders', NULL, '+8801200000001', NULL, 'jamalkhan', 'chittagong', NULL, NULL, 'bd', NULL, 100, 20, 1, '2018-05-12 10:04:51', '2019-02-22 05:38:08'),
(3, 3, NULL, 'tariq', 'big tree', NULL, '3424', NULL, 'khulshi', 'chittagong', NULL, NULL, 'bd', NULL, NULL, NULL, 1, '2018-05-12 10:07:52', '2019-03-02 05:54:07'),
(4, 1, NULL, 'test', NULL, NULL, '4234', NULL, 'frwerw', 'qwerwqr', NULL, NULL, NULL, NULL, NULL, NULL, 0, '2018-05-30 01:35:28', '2018-05-30 01:37:38'),
(8, 1, NULL, 'anwar', 'smart it', 'anwar@smartit.com', '32321', NULL, 'nasirabad', 'chittagong', NULL, NULL, 'bd', NULL, NULL, NULL, 0, '2018-09-01 03:26:13', '2018-09-01 03:29:55'),
(11, 1, NULL, 'walk-in-customer', NULL, '', '01923000001', '11111', 'mohammadpur', 'dhaka', NULL, NULL, NULL, 251, NULL, 0, 1, '2018-09-02 01:30:54', '2021-12-07 13:13:46'),
(15, 1, NULL, 's', NULL, NULL, '2', NULL, 's', '3e', NULL, NULL, NULL, NULL, NULL, NULL, 0, '2018-11-05 04:00:39', '2018-11-08 03:37:08'),
(16, 1, NULL, 'asas', NULL, NULL, '2121', NULL, 'dasd', 'asdd', NULL, NULL, NULL, NULL, NULL, NULL, 0, '2018-12-01 00:07:53', '2018-12-03 21:55:46'),
(17, 1, NULL, 'sadman', NULL, NULL, '312312', NULL, 'khulshi', 'ctg', NULL, NULL, NULL, NULL, NULL, NULL, 0, '2020-06-22 09:45:35', '2020-06-22 09:45:51'),
(19, 1, 19, 'Ashfaq', 'Digital image', 'shakalaka@gmail.com', '1212', '999', 'Andorkillah', 'Chittagong', 'Chittagong', '1234', 'Bangladesh', 6, NULL, NULL, 1, '2020-11-09 00:07:16', '2021-10-14 09:58:20'),
(21, 1, 21, 'Modon Miya', 'modon company', 'modon@gmail.com', '2222', NULL, 'kuril road', 'Dhaka', NULL, NULL, NULL, NULL, NULL, NULL, 1, '2020-11-13 07:12:11', '2020-11-13 07:12:11'),
(25, 1, 28, 'Imran miya', NULL, 'imran@gmail.com', '01923000001', NULL, 'kljkj', 'hhjhh', NULL, NULL, NULL, NULL, NULL, NULL, 0, '2021-02-04 06:26:47', '2021-02-04 06:26:47');
SET IDENTITY_INSERT [Customer] OFF;

-- Seed CustomerGroup
SET IDENTITY_INSERT [CustomerGroup] ON;
INSERT INTO [CustomerGroup] ([Id], [Name], [Percentage], [IsActive], [CreatedDate], [ModifiedDate]) VALUES
(1, 'general', '0', 1, '2018-05-12 08:09:36', '2019-03-02 06:01:35'),
(2, 'distributor', '-10', 1, '2018-05-12 08:12:14', '2019-03-02 06:02:12'),
(3, 'reseller', '5', 1, '2018-05-12 08:12:26', '2018-05-30 01:18:14'),
(4, 'test', '12', 0, '2018-05-30 01:17:16', '2018-05-30 01:17:57'),
(5, 'test', '0', 0, '2018-08-03 09:10:27', '2018-08-03 09:10:34');
SET IDENTITY_INSERT [CustomerGroup] OFF;

-- Seed Delivery
SET IDENTITY_INSERT [Delivery] ON;
INSERT INTO [Delivery] ([Id], [ReferenceNo], [SaleId], [UserId], [Address], [DeliveredBy], [RecievedBy], [File], [Note], [Status], [CreatedDate], [ModifiedDate]) VALUES
(1, 'dr-20180808-044431', 1, 1, 'kajir deuri chittagong bd', 'abul', 'dhiman', NULL, 'Instrument 1', '3', '2018-08-08 10:44:55', '2020-09-26 12:25:39'),
(2, 'dr-20181106-105936', 88, 1, 'mohammadpur dhaka', NULL, NULL, NULL, NULL, '2', '2018-11-06 04:59:43', '2018-11-06 05:10:38'),
(3, 'dr-20181106-111321', 79, 1, 'mohammadpur dhaka', 'Harun', 'Amjad', NULL, NULL, '3', '2018-11-06 05:13:25', '2020-09-26 13:22:11');
SET IDENTITY_INSERT [Delivery] OFF;

-- Seed Department
SET IDENTITY_INSERT [Department] ON;
INSERT INTO [Department] ([Id], [Name], [IsActive], [CreatedDate], [ModifiedDate]) VALUES
(1, 'Sale', 1, '2018-12-27 05:16:47', '2018-12-27 10:40:23'),
(2, 'xyz', 1, '2018-12-27 10:28:47', '2018-12-27 10:28:47');
SET IDENTITY_INSERT [Department] OFF;

-- Seed Deposit
SET IDENTITY_INSERT [Deposit] ON;
INSERT INTO [Deposit] ([Id], [Amount], [CustomerId], [UserId], [Note], [CreatedDate], [ModifiedDate]) VALUES
(1, 90, 1, 1, 'first deposit', '2018-08-25 22:48:23', '2018-08-26 01:18:55'),
(3, 100, 2, 1, NULL, '2018-08-26 00:53:16', '2018-08-26 21:42:39'),
(4, 50, 1, 1, NULL, '2018-09-04 22:56:19', '2018-09-04 22:56:19'),
(5, 50, 1, 1, NULL, '2018-09-10 00:08:40', '2018-09-10 00:08:40');
SET IDENTITY_INSERT [Deposit] OFF;

-- Seed Employee
SET IDENTITY_INSERT [Employee] ON;
INSERT INTO [Employee] ([Id], [Name], [Email], [PhoneNumber], [DepartmentId], [UserId], [Image], [Address], [City], [Country], [IsActive], [CreatedDate], [ModifiedDate]) VALUES
(1, 'john', 'john@gmail.com', '10001', 2, 12, 'johngmailcom.jpg', 'GEC', 'chittagong', 'Bangladesh', 1, '2018-12-30 00:48:37', '2019-03-02 06:50:23'),
(3, 'tests', 'test@test.com', '111', 1, NULL, NULL, NULL, NULL, NULL, 1, '2018-12-30 22:20:51', '2019-01-03 00:03:54');
SET IDENTITY_INSERT [Employee] OFF;

-- Seed Expense
SET IDENTITY_INSERT [Expense] ON;
INSERT INTO [Expense] ([Id], [ReferenceNo], [ExpenseCategoryId], [WarehouseId], [AccountId], [UserId], [CashRegisterId], [Amount], [Note], [CreatedDate], [ModifiedDate]) VALUES
(2, 'er-20180817-012254', 1, 2, 1, 1, NULL, 150, 'first expense...', '2018-08-17 07:22:54', '2018-08-17 07:44:13'),
(3, 'er-20180817-014241', 1, 1, 1, 1, NULL, 125, 'second expense...', '2018-08-17 07:42:41', '2018-08-17 07:43:50'),
(4, 'er-20181022-043609', 2, 1, 1, 1, NULL, 1000, NULL, '2018-10-22 10:36:09', '2018-10-22 10:36:09'),
(5, 'er-20181101-050207', 2, 2, 1, 1, NULL, 1000, NULL, '2018-10-31 23:02:07', '2018-10-31 23:02:07'),
(6, 'er-20181101-050231', 2, 1, 1, 1, NULL, 550, NULL, '2018-10-31 23:02:31', '2018-10-31 23:02:31'),
(7, 'er-20181105-091913', 1, 1, 1, 1, NULL, 2000, NULL, '2018-11-05 03:19:13', '2018-11-05 03:19:13'),
(8, 'er-20181105-091929', 2, 2, 1, 1, NULL, 1000, NULL, '2018-11-05 03:19:29', '2018-11-05 03:19:29'),
(9, 'er-20190101-063342', 2, 1, 1, 1, NULL, 100, NULL, '2019-01-01 00:33:42', '2019-01-01 00:33:42'),
(10, 'er-20190103-070018', 2, 2, 1, 9, NULL, 2000, NULL, '2019-01-03 01:00:18', '2019-01-03 01:00:18'),
(11, 'er-20190209-104656', 2, 2, 1, 1, NULL, 500, NULL, '2019-02-09 04:46:56', '2019-02-09 04:46:56'),
(12, 'er-20190209-104716', 2, 1, 1, 1, NULL, 400, NULL, '2019-02-09 04:47:16', '2019-02-09 04:47:16'),
(14, 'er-20190303-104142', 2, 2, 1, 1, NULL, 250, 'jjj', '2019-03-03 04:41:42', '2019-03-20 09:17:16'),
(15, 'er-20190404-095645', 2, 1, 1, 1, NULL, 200, NULL, '2019-04-04 03:56:45', '2019-04-04 03:56:45'),
(16, 'er-20190528-103306', 2, 1, 1, 1, NULL, 560, NULL, '2019-05-28 04:33:06', '2019-05-28 04:33:06'),
(17, 'er-20190528-103325', 2, 2, 1, 1, NULL, 600, NULL, '2019-05-28 04:33:25', '2019-05-28 04:33:25'),
(19, 'er-20190613-101955', 2, 2, 1, 1, NULL, 800, NULL, '2019-06-13 04:19:55', '2019-06-13 04:19:55'),
(20, 'er-20191019-033149', 2, 1, 1, 1, NULL, 300, NULL, '2019-10-19 09:31:49', '2019-10-19 09:31:49'),
(21, 'er-20191222-023508', 2, 1, 1, 1, NULL, 550, NULL, '2019-12-22 08:35:08', '2019-12-22 08:35:08'),
(22, 'er-20200101-022304', 2, 2, 1, 1, NULL, 500, NULL, '2020-01-01 08:23:04', '2020-01-01 08:23:04'),
(23, 'er-20200204-105938', 1, 1, 1, 1, NULL, 400, NULL, '2020-02-04 16:59:38', '2020-02-04 16:59:38'),
(24, 'er-20200204-105957', 1, 2, 1, 1, NULL, 350, NULL, '2020-02-04 16:59:57', '2020-02-04 16:59:57'),
(25, 'er-20200406-075239', 2, 2, 1, 1, NULL, 750, NULL, '2020-04-06 13:52:39', '2020-04-06 13:52:39'),
(26, 'er-20200506-110112', 2, 2, 1, 1, NULL, 1260, NULL, '2020-05-06 17:01:12', '2020-05-06 17:01:12'),
(27, 'er-20200609-124344', 2, 1, 1, 1, NULL, 500, NULL, '2020-06-09 06:43:44', '2020-06-09 06:43:44'),
(28, 'er-20200609-124406', 2, 2, 1, 1, NULL, 1000, NULL, '2020-06-09 06:44:06', '2020-06-09 06:44:06'),
(29, 'er-20200703-064005', 2, 2, 1, 1, NULL, 630, NULL, '2020-07-03 12:40:05', '2020-07-03 12:40:05'),
(30, 'er-20200812-062947', 1, 2, 1, 1, NULL, 320, NULL, '2020-08-12 12:29:47', '2020-08-12 12:29:47'),
(31, 'er-20200812-063010', 2, 2, 1, 1, NULL, 730, NULL, '2020-08-12 12:30:10', '2020-08-12 12:30:10'),
(32, 'er-20201018-124438', 2, 1, 1, 9, 2, 100, NULL, '2020-10-18 06:44:38', '2020-10-18 06:44:38'),
(33, 'er-20201101-072257', 1, 2, 1, 1, 4, 50, NULL, '2020-11-01 01:22:57', '2020-11-01 01:22:57'),
(34, 'er-20201118-062500', 4, 1, 1, 1, 3, 200, NULL, '2020-11-18 00:25:00', '2020-11-18 00:25:00'),
(37, 'er-20210114-065938', 2, 2, 1, 1, 4, 25.5, NULL, '2021-01-14 00:59:38', '2021-01-14 00:59:38'),
(38, 'er-20210601-075909', 2, 1, 1, 1, 3, 100, NULL, '2021-06-01 13:59:09', '2021-06-01 13:59:09'),
(39, 'er-20211208-115635', 2, 2, 1, 1, 4, 200, NULL, '2021-12-08 05:56:35', '2021-12-08 05:56:35');
SET IDENTITY_INSERT [Expense] OFF;

-- Seed ExpenseCategory
SET IDENTITY_INSERT [ExpenseCategory] ON;
INSERT INTO [ExpenseCategory] ([Id], [Code], [Name], [IsActive], [CreatedDate], [ModifiedDate]) VALUES
(1, '16718342', 'washing', 1, '2018-08-16 00:32:48', '2019-03-02 07:02:07'),
(2, '60128975', 'electric bill', 1, '2018-08-16 00:39:18', '2018-08-16 00:39:18'),
(3, '83954970', 'test', 0, '2018-08-16 00:50:28', '2018-08-16 00:51:40'),
(4, '1234', 'snacks', 1, '2018-09-01 02:40:04', '2018-09-01 02:40:04');
SET IDENTITY_INSERT [ExpenseCategory] OFF;

-- Seed GeneralSetting
SET IDENTITY_INSERT [GeneralSetting] ON;
INSERT INTO [GeneralSetting] ([Id], [SiteTitle], [SiteLogo], [IsRtl], [Currency], [StaffAccess], [DateFormat], [DevelopedBy], [InvoiceFormat], [State], [Theme], [CreatedDate], [ModifiedDate], [CurrencyPosition]) VALUES
(1, 'SalePro', '20210530062516.png', 0, '1', 'own', 'd/m/Y', 'LionCoders', 'standard', 1, 'default.css', '2018-07-06 06:13:11', '2021-11-14 07:22:32', 'prefix');
SET IDENTITY_INSERT [GeneralSetting] OFF;

-- Seed GiftCard
SET IDENTITY_INSERT [GiftCard] ON;
INSERT INTO [GiftCard] ([Id], [CardNo], [Amount], [Expense], [CustomerId], [UserId], [ExpiredDate], [CreatedBy], [IsActive], [CreatedDate], [ModifiedDate]) VALUES
(1, '3571097513020486', 1400, 450, 1, NULL, '2020-12-31', 1, 1, '2018-08-18 01:57:40', '2020-10-18 05:14:26'),
(2, '0452297501931931', 500, 100, 2, NULL, '2021-12-31', 1, 1, '2018-08-18 02:46:43', '2021-02-11 07:36:01'),
(3, '123', 13123, 0, 1, NULL, '2018-08-19', 1, 0, '2018-08-18 22:38:21', '2018-08-18 22:38:28'),
(4, '1862381252690499', 100, 0, NULL, 1, '2018-10-04', 1, 0, '2018-09-30 00:16:28', '2018-09-30 00:17:21'),
(5, '2300813717254199', 143, 0, NULL, 1, '2018-10-04', 1, 0, '2018-09-30 00:18:49', '2018-09-30 00:20:20'),
(6, '8327019475026421', 1, 0, 1, NULL, '2018-10-07', 1, 0, '2018-10-07 03:12:41', '2018-10-07 03:12:55'),
(7, '2063379780590151', 1, 0, 1, NULL, '2018-10-23', 1, 0, '2018-10-23 00:23:22', '2018-10-23 00:23:39');
SET IDENTITY_INSERT [GiftCard] OFF;

-- Seed GiftCardRecharge
SET IDENTITY_INSERT [GiftCardRecharge] ON;
INSERT INTO [GiftCardRecharge] ([Id], [GiftCardId], [Amount], [UserId], [CreatedDate], [ModifiedDate]) VALUES
(1, 2, 100, 1, '2018-08-24 23:08:29', '2018-08-24 23:08:29'),
(2, 1, 200, 1, '2018-08-24 23:08:50', '2018-08-24 23:08:50'),
(3, 1, 100, 1, '2018-09-04 23:50:41', '2018-09-04 23:50:41'),
(4, 1, 50, 1, '2018-09-04 23:51:38', '2018-09-04 23:51:38'),
(5, 1, 50, 1, '2018-09-04 23:53:36', '2018-09-04 23:53:36'),
(6, 2, 50, 1, '2018-09-04 23:54:34', '2018-09-04 23:54:34'),
(7, 5, 10, 1, '2018-09-30 00:19:48', '2018-09-30 00:19:48'),
(8, 5, 10, 1, '2018-09-30 00:20:04', '2018-09-30 00:20:04'),
(9, 2, 100, 1, '2018-10-07 03:13:05', '2018-10-07 03:13:05'),
(10, 1, 200, 1, '2018-10-07 03:13:39', '2018-10-07 03:13:39'),
(11, 1, 300, 1, '2018-10-23 00:22:49', '2018-10-23 00:22:49'),
(12, 2, 130, 1, '2021-02-11 07:36:01', '2021-02-11 07:36:01');
SET IDENTITY_INSERT [GiftCardRecharge] OFF;

-- Seed HrmSetting
SET IDENTITY_INSERT [HrmSetting] ON;
INSERT INTO [HrmSetting] ([Id], [Checkin], [Checkout], [CreatedDate], [ModifiedDate]) VALUES
(1, '10:00am', '6:00pm', '2019-01-02 02:20:08', '2019-01-02 04:20:53');
SET IDENTITY_INSERT [HrmSetting] OFF;

-- Seed Language
SET IDENTITY_INSERT [Language] ON;
INSERT INTO [Language] ([Id], [Code], [CreatedDate], [ModifiedDate]) VALUES
(1, 'en', '2018-07-07 22:59:17', '2019-12-24 17:34:20');
SET IDENTITY_INSERT [Language] OFF;

-- Seed SchemaMigration
SET IDENTITY_INSERT [SchemaMigration] ON;
INSERT INTO [SchemaMigration] ([Id], [MigrationName], [Batch]) VALUES
(1, '2014_10_12_000000_create_users_table', 1),
(2, '2014_10_12_100000_create_password_resets_table', 1),
(3, '2018_02_17_060412_create_categories_table', 1),
(4, '2018_02_20_035727_create_brands_table', 1),
(5, '2018_02_25_100635_create_suppliers_table', 1),
(6, '2018_02_27_101619_create_warehouse_table', 1),
(7, '2018_03_03_040448_create_units_table', 1),
(8, '2018_03_04_041317_create_taxes_table', 1),
(9, '2018_03_10_061915_create_customer_groups_table', 1),
(10, '2018_03_10_090534_create_customers_table', 1),
(11, '2018_03_11_095547_create_billers_table', 1),
(12, '2018_04_05_054401_create_products_table', 1),
(13, '2018_04_06_133606_create_purchases_table', 1),
(14, '2018_04_06_154600_create_product_purchases_table', 1),
(15, '2018_04_06_154915_create_product_warhouse_table', 1),
(16, '2018_04_10_085927_create_sales_table', 1),
(17, '2018_04_10_090133_create_product_sales_table', 1),
(18, '2018_04_10_090254_create_payments_table', 1),
(19, '2018_04_10_090341_create_payment_with_cheque_table', 1),
(20, '2018_04_10_090509_create_payment_with_credit_card_table', 1),
(21, '2018_04_13_121436_create_quotation_table', 1),
(22, '2018_04_13_122324_create_product_quotation_table', 1),
(23, '2018_04_14_121802_create_transfers_table', 1),
(24, '2018_04_14_121913_create_product_transfer_table', 1),
(25, '2018_05_13_082847_add_payment_id_and_change_sale_id_to_payments_table', 2),
(26, '2018_05_13_090906_change_customer_id_to_payment_with_credit_card_table', 3),
(27, '2018_05_20_054532_create_adjustments_table', 4),
(28, '2018_05_20_054859_create_product_adjustments_table', 4),
(29, '2018_05_21_163419_create_returns_table', 5),
(30, '2018_05_21_163443_create_product_returns_table', 5),
(31, '2018_06_02_050905_create_roles_table', 6),
(32, '2018_06_02_073430_add_columns_to_users_table', 7),
(33, '2018_06_03_053738_create_permission_tables', 8),
(36, '2018_06_21_063736_create_pos_setting_table', 9),
(37, '2018_06_21_094155_add_user_id_to_sales_table', 10),
(38, '2018_06_21_101529_add_user_id_to_purchases_table', 11),
(39, '2018_06_21_103512_add_user_id_to_transfers_table', 12),
(40, '2018_06_23_061058_add_user_id_to_quotations_table', 13),
(41, '2018_06_23_082427_add_is_deleted_to_users_table', 14),
(42, '2018_06_25_043308_change_email_to_users_table', 15),
(43, '2018_07_06_115449_create_general_settings_table', 16),
(44, '2018_07_08_043944_create_languages_table', 17),
(45, '2018_07_11_102144_add_user_id_to_returns_table', 18),
(46, '2018_07_11_102334_add_user_id_to_payments_table', 18),
(47, '2018_07_22_130541_add_digital_to_products_table', 19),
(49, '2018_07_24_154250_create_deliveries_table', 20),
(50, '2018_08_16_053336_create_expense_categories_table', 21),
(51, '2018_08_17_115415_create_expenses_table', 22),
(55, '2018_08_18_050418_create_gift_cards_table', 23),
(56, '2018_08_19_063119_create_payment_with_gift_card_table', 24),
(57, '2018_08_25_042333_create_gift_card_recharges_table', 25),
(58, '2018_08_25_101354_add_deposit_expense_to_customers_table', 26),
(59, '2018_08_26_043801_create_deposits_table', 27),
(60, '2018_09_02_044042_add_keybord_active_to_pos_setting_table', 28),
(61, '2018_09_09_092713_create_payment_with_paypal_table', 29),
(62, '2018_09_10_051254_add_currency_to_general_settings_table', 30),
(63, '2018_10_22_084118_add_biller_and_store_id_to_users_table', 31),
(65, '2018_10_26_034927_create_coupons_table', 32),
(66, '2018_10_27_090857_add_coupon_to_sales_table', 33),
(67, '2018_11_07_070155_add_currency_position_to_general_settings_table', 34),
(68, '2018_11_19_094650_add_combo_to_products_table', 35),
(69, '2018_12_09_043712_create_accounts_table', 36),
(70, '2018_12_17_112253_add_is_default_to_accounts_table', 37),
(71, '2018_12_19_103941_add_account_id_to_payments_table', 38),
(72, '2018_12_20_065900_add_account_id_to_expenses_table', 39),
(73, '2018_12_20_082753_add_account_id_to_returns_table', 40),
(74, '2018_12_26_064330_create_return_purchases_table', 41),
(75, '2018_12_26_144210_create_purchase_product_return_table', 42),
(76, '2018_12_26_144708_create_purchase_product_return_table', 43),
(77, '2018_12_27_110018_create_departments_table', 44),
(78, '2018_12_30_054844_create_employees_table', 45),
(79, '2018_12_31_125210_create_payrolls_table', 46),
(80, '2018_12_31_150446_add_department_id_to_employees_table', 47),
(81, '2019_01_01_062708_add_user_id_to_expenses_table', 48),
(82, '2019_01_02_075644_create_hrm_settings_table', 49),
(83, '2019_01_02_090334_create_attendances_table', 50),
(84, '2019_01_27_160956_add_three_columns_to_general_settings_table', 51),
(85, '2019_02_15_183303_create_stock_counts_table', 52),
(86, '2019_02_17_101604_add_is_adjusted_to_stock_counts_table', 53),
(87, '2019_04_13_101707_add_tax_no_to_customers_table', 54),
(89, '2019_10_14_111455_create_holidays_table', 55),
(90, '2019_11_13_145619_add_is_variant_to_products_table', 56),
(91, '2019_11_13_150206_create_product_variants_table', 57),
(92, '2019_11_13_153828_create_variants_table', 57),
(93, '2019_11_25_134041_add_qty_to_product_variants_table', 58),
(94, '2019_11_25_134922_add_variant_id_to_product_purchases_table', 58),
(95, '2019_11_25_145341_add_variant_id_to_product_warehouse_table', 58),
(96, '2019_11_29_182201_add_variant_id_to_product_sales_table', 59),
(97, '2019_12_04_121311_add_variant_id_to_product_quotation_table', 60),
(98, '2019_12_05_123802_add_variant_id_to_product_transfer_table', 61),
(100, '2019_12_08_114954_add_variant_id_to_product_returns_table', 62),
(101, '2019_12_08_203146_add_variant_id_to_purchase_product_return_table', 63),
(102, '2020_02_28_103340_create_money_transfers_table', 64),
(103, '2020_07_01_193151_add_image_to_categories_table', 65),
(105, '2020_09_26_130426_add_user_id_to_deliveries_table', 66),
(107, '2020_10_11_125457_create_cash_registers_table', 67),
(108, '2020_10_13_155019_add_cash_register_id_to_sales_table', 68),
(109, '2020_10_13_172624_add_cash_register_id_to_returns_table', 69),
(110, '2020_10_17_212338_add_cash_register_id_to_payments_table', 70),
(111, '2020_10_18_124200_add_cash_register_id_to_expenses_table', 71),
(112, '2020_10_21_121632_add_developed_by_to_general_settings_table', 72),
(113, '2019_08_19_000000_create_failed_jobs_table', 73),
(114, '2020_10_30_135557_create_notifications_table', 73),
(115, '2020_11_01_044954_create_currencies_table', 74),
(116, '2020_11_01_140736_add_price_to_product_warehouse_table', 75),
(117, '2020_11_02_050633_add_is_diff_price_to_products_table', 76),
(118, '2020_11_09_055222_add_user_id_to_customers_table', 77),
(119, '2020_11_17_054806_add_invoice_format_to_general_settings_table', 78),
(120, '2021_02_10_074859_add_variant_id_to_product_adjustments_table', 79),
(121, '2021_03_07_093606_create_product_batches_table', 80),
(122, '2021_03_07_093759_add_product_batch_id_to_product_warehouse_table', 80),
(123, '2021_03_07_093900_add_product_batch_id_to_product_purchases_table', 80),
(124, '2021_03_11_132603_add_product_batch_id_to_product_sales_table', 81),
(127, '2021_03_25_125421_add_is_batch_to_products_table', 82),
(128, '2021_05_19_120127_add_product_batch_id_to_product_returns_table', 82),
(130, '2021_05_22_105611_add_product_batch_id_to_purchase_product_return_table', 83),
(131, '2021_05_23_124848_add_product_batch_id_to_product_transfer_table', 84),
(132, '2021_05_26_153106_add_product_batch_id_to_product_quotation_table', 85),
(133, '2021_06_08_213007_create_reward_point_settings_table', 86),
(134, '2021_06_16_104155_add_points_to_customers_table', 87),
(135, '2021_06_17_101057_add_used_points_to_payments_table', 88),
(136, '2021_07_06_132716_add_variant_list_to_products_table', 89),
(137, '2021_09_27_161141_add_is_imei_to_products_table', 90),
(138, '2021_09_28_170052_add_imei_number_to_product_warehouse_table', 91),
(139, '2021_09_28_170126_add_imei_number_to_product_purchases_table', 91),
(140, '2021_10_03_170652_add_imei_number_to_product_sales_table', 92),
(141, '2021_10_10_145214_add_imei_number_to_product_returns_table', 93),
(142, '2021_10_11_104504_add_imei_number_to_product_transfer_table', 94),
(143, '2021_10_12_160107_add_imei_number_to_purchase_product_return_table', 95),
(144, '2021_10_12_205146_add_is_rtl_to_general_settings_table', 96);
SET IDENTITY_INSERT [SchemaMigration] OFF;

-- Seed MoneyTransfer
SET IDENTITY_INSERT [MoneyTransfer] ON;
INSERT INTO [MoneyTransfer] ([Id], [ReferenceNo], [FromAccountId], [ToAccountId], [Amount], [CreatedDate], [ModifiedDate]) VALUES
(2, 'mtr-20200228-071852', 1, 3, 100, '2020-02-28 13:18:52', '2020-02-28 13:18:52');
SET IDENTITY_INSERT [MoneyTransfer] OFF;

-- Seed Notification
INSERT INTO [Notification] ([Id], [Type], [NotifiableType], [NotifiableId], [Data], [ReadAt], [CreatedDate], [ModifiedDate]) VALUES
('249beded-5431-40a3-ba1e-d255ffb047a3', 'App\\Notifications\\SendNotification', 'App\\User', 9, '{\"message\":\"Please delete all pending purchase.\"}', '2020-11-01 01:33:32', '2020-11-01 01:33:07', '2020-11-01 01:33:32');

-- Seed Payment
SET IDENTITY_INSERT [Payment] ON;
INSERT INTO [Payment] ([Id], [PaymentReference], [UserId], [PurchaseId], [SaleId], [CashRegisterId], [AccountId], [Amount], [UsedPoints], [Change], [PayingMethod], [PaymentNote], [CreatedDate], [ModifiedDate]) VALUES
(33, 'spr-20180809-055453', 1, NULL, 2, NULL, 1, 1000, NULL, 0, 'Cash', NULL, '2018-08-08 23:54:53', '2018-08-08 23:54:53'),
(34, 'spr-20180809-055553', 1, NULL, 2, NULL, 1, 1200, NULL, 0, 'Cheque', NULL, '2018-08-08 23:55:53', '2018-08-08 23:56:36'),
(35, 'spr-20180809-063214', 1, NULL, 3, NULL, 1, 897, NULL, 0, 'Cheque', NULL, '2018-08-09 00:32:14', '2018-08-09 00:32:14'),
(36, 'spr-20180825-034836', 1, NULL, 4, NULL, 1, 100, NULL, 0, 'Gift Card', '100 bucks paid...', '2018-08-24 21:48:36', '2018-08-25 00:57:35'),
(39, 'spr-20180825-083634', 1, NULL, 4, NULL, 1, 200, NULL, 0, 'Gift Card', NULL, '2018-08-25 02:36:34', '2018-08-25 02:36:34'),
(41, 'spr-20180826-094836', 1, NULL, 6, NULL, 1, 20, NULL, 0, 'Deposit', '20 bucks paid', '2018-08-26 03:48:36', '2018-08-26 21:42:13'),
(42, 'spr-20180827-073545', 1, NULL, 7, NULL, 1, 880, NULL, 0, 'Cash', NULL, '2018-08-27 01:35:45', '2018-08-27 01:35:45'),
(43, 'ppr-20180830-071637', 1, 13, NULL, NULL, 1, 100, NULL, 0, 'Cash', '100 bucks paid...', '2018-08-30 01:16:37', '2018-08-30 01:16:37'),
(44, 'ppr-20180830-090718', 1, 13, NULL, NULL, 1, 200, NULL, 0, 'Cheque', NULL, '2018-08-30 03:07:18', '2018-08-30 03:07:18'),
(46, 'spr-20180902-053954', 1, NULL, 8, NULL, 1, 3529.8, NULL, 0, 'Cash', 'fully paid', '2018-09-01 23:39:54', '2018-09-01 23:39:54'),
(49, 'spr-20180903-033314', 1, NULL, 9, NULL, 1, 20, NULL, 0, 'Deposit', 'fully paid', '2018-09-02 21:33:14', '2018-09-02 21:33:14'),
(50, 'spr-20180903-050138', 1, NULL, 10, NULL, 1, 200, NULL, 0, 'Gift Card', '50 bucks due...', '2018-09-02 23:01:38', '2018-09-09 21:40:28'),
(51, 'spr-20180903-100821', 1, NULL, 11, NULL, 1, 5500, NULL, 0, 'Cheque', NULL, '2018-09-03 04:08:21', '2018-09-03 04:08:21'),
(53, 'ppr-20180903-101524', 1, 16, NULL, NULL, 1, 1750, NULL, 0, 'Cheque', NULL, '2018-09-03 04:15:24', '2018-10-06 01:09:20'),
(78, 'spr-20180926-092105', 1, NULL, 31, NULL, 1, 560, NULL, 0, 'Cash', NULL, '2018-09-26 03:21:05', '2018-09-26 03:21:05'),
(79, 'spr-20181006-065017', 1, NULL, 30, NULL, 1, 100, NULL, 0, 'Cheque', NULL, '2018-10-06 00:50:17', '2018-10-06 00:51:55'),
(80, 'spr-20181006-065222', 1, NULL, 30, NULL, 1, 20, NULL, 0, 'Cash', NULL, '2018-10-06 00:52:22', '2018-10-06 00:52:22'),
(82, 'ppr-20181006-070935', 1, 16, NULL, NULL, 1, 1600, NULL, 0, 'Cash', NULL, '2018-10-06 01:09:35', '2018-10-06 01:09:35'),
(83, 'spr-20181010-041636', 1, NULL, 41, NULL, 1, 461, NULL, 0, 'Cash', NULL, '2018-10-09 22:16:36', '2018-10-09 22:16:36'),
(84, 'spr-20181010-053456', 1, NULL, 42, NULL, 1, 440, NULL, 0, 'Cash', NULL, '2018-10-09 23:34:56', '2018-10-09 23:34:56'),
(91, 'spr-20181021-065338', 1, NULL, 55, NULL, 1, 250, NULL, 0, 'Cash', NULL, '2018-10-21 00:53:38', '2018-10-21 00:53:38'),
(92, 'spr-20181021-082618', 1, NULL, 57, NULL, 1, 575.2, NULL, 0, 'Cash', NULL, '2018-10-21 02:26:18', '2018-10-21 02:26:18'),
(93, 'spr-20181022-032730', 1, NULL, 58, NULL, 1, 1220, NULL, 0, 'Cash', NULL, '2018-10-22 09:27:30', '2018-10-22 09:27:30'),
(104, 'spr-20181023-071548', 11, NULL, 73, NULL, 1, 5500, NULL, 0, 'Cash', NULL, '2018-10-23 01:15:48', '2018-10-23 01:15:48'),
(105, 'spr-20181023-071648', 1, NULL, 74, NULL, 1, 2320, NULL, 0, 'Cash', NULL, '2018-10-23 01:16:48', '2018-10-23 01:16:48'),
(126, 'spr-20181101-050033', 1, NULL, 75, NULL, 1, 7678, NULL, 0, 'Cash', NULL, '2018-10-31 23:00:33', '2018-10-31 23:00:33'),
(127, 'spr-20181101-050130', 1, NULL, 76, NULL, 1, 1424, NULL, 0, 'Cash', NULL, '2018-10-31 23:01:30', '2018-11-08 03:44:51'),
(129, 'spr-20181105-091523', 1, NULL, 79, NULL, 1, 14454, NULL, 0, 'Cash', NULL, '2018-11-05 03:15:23', '2018-11-05 03:15:23'),
(130, 'spr-20181105-092002', 1, NULL, 80, NULL, 1, 2500, NULL, 0, 'Cash', NULL, '2018-11-05 03:20:02', '2018-11-05 03:20:02'),
(131, 'ppr-20181105-092128', 1, 24, NULL, NULL, 1, 15950, NULL, 0, 'Cash', NULL, '2018-11-05 03:21:28', '2018-11-05 03:21:28'),
(137, 'spr-20181105-095952', 1, NULL, 86, NULL, 1, 1100, NULL, 0, 'Cash', NULL, '2018-11-05 03:59:52', '2018-11-05 03:59:52'),
(138, 'spr-20181105-100310', 1, NULL, 88, NULL, 1, 1100, NULL, 0, 'Cash', NULL, '2018-11-05 04:03:10', '2018-11-05 04:03:10'),
(139, 'spr-20181126-020534', 1, NULL, 94, NULL, 1, 120, NULL, 0, 'Cash', NULL, '2018-11-26 08:05:34', '2018-11-26 08:05:34'),
(140, 'spr-20181128-071515', 1, NULL, 96, NULL, 1, 132, NULL, 0, 'Cash', NULL, '2018-11-28 01:15:15', '2018-11-28 01:15:15'),
(141, 'spr-20181201-060524', 1, NULL, 97, NULL, 1, 200, NULL, 300, 'Cash', NULL, '2018-12-01 00:05:24', '2018-12-04 00:21:05'),
(148, 'ppr-20181204-065932', 1, 23, NULL, NULL, 1, 500, NULL, 500, 'Cash', NULL, '2018-12-04 00:59:32', '2018-12-04 00:59:44'),
(149, 'ppr-20181205-053443', 1, 25, NULL, NULL, 1, 4450, NULL, 550, 'Cash', NULL, '2018-12-04 23:34:43', '2018-12-04 23:34:43'),
(150, 'spr-20181205-053608', 1, NULL, 98, NULL, 1, 800, NULL, 200, 'Cash', NULL, '2018-12-04 23:36:08', '2018-12-04 23:36:08'),
(151, 'spr-20181205-053724', 1, NULL, 99, NULL, 1, 800, NULL, 0, 'Cash', NULL, '2018-12-04 23:37:24', '2018-12-04 23:37:24'),
(152, 'spr-20181208-062032', 1, NULL, 101, NULL, 1, 100, NULL, 400, 'Cash', NULL, '2018-12-08 00:20:32', '2018-12-11 03:19:39'),
(157, 'ppr-20181220-063439', 1, 27, NULL, NULL, 1, 10, NULL, 0, 'Cash', NULL, '2018-12-20 00:34:39', '2018-12-20 00:35:01'),
(159, 'spr-20181224-045832', 1, NULL, 103, NULL, 1, 120, NULL, 0, 'Cash', NULL, '2018-12-23 22:58:32', '2018-12-23 22:58:32'),
(160, 'spr-20190101-054544', 1, NULL, 105, NULL, 1, 21, NULL, 0, 'Cash', NULL, '2018-12-31 23:45:44', '2018-12-31 23:45:44'),
(161, 'spr-20190101-091040', 1, NULL, 106, NULL, 1, 860, NULL, 0, 'Cash', NULL, '2019-01-01 03:10:40', '2019-01-01 03:10:40'),
(162, 'spr-20190103-065627', 1, NULL, 107, NULL, 1, 5040, NULL, 960, 'Cash', NULL, '2019-01-03 00:56:27', '2019-01-03 00:56:27'),
(163, 'spr-20190120-035824', 1, NULL, 108, NULL, 1, 120, NULL, 0, 'Cash', NULL, '2019-01-20 09:58:24', '2019-01-20 09:58:24'),
(164, 'ppr-20190129-100302', 9, 36, NULL, NULL, 1, 650, NULL, 350, 'Cash', NULL, '2019-01-29 04:03:02', '2019-01-29 04:03:02'),
(165, 'ppr-20190129-100324', 9, 34, NULL, NULL, 1, 2860, NULL, 140, 'Cash', NULL, '2019-01-29 04:03:24', '2019-01-29 04:03:24'),
(166, 'spr-20190129-101451', 9, NULL, 109, NULL, 1, 540, NULL, 460, 'Cash', NULL, '2019-01-29 04:14:51', '2019-01-29 04:14:51'),
(167, 'spr-20190129-115048', 9, NULL, 110, NULL, 1, 1700, NULL, 300, 'Cash', NULL, '2019-01-29 05:50:48', '2019-01-29 05:50:48'),
(168, 'spr-20190131-110839', 9, NULL, 111, NULL, 1, 271, NULL, 0, 'Cash', NULL, '2019-01-31 05:08:39', '2019-01-31 05:08:39'),
(169, 'spr-20190202-104045', 1, NULL, 112, NULL, 1, 440, NULL, 0, 'Cash', NULL, '2019-02-02 04:40:45', '2019-02-02 04:40:45'),
(170, 'spr-20190202-114117', 1, NULL, 113, NULL, 1, 350, NULL, 0, 'Cash', NULL, '2019-02-02 05:41:17', '2019-02-02 05:41:17'),
(171, 'spr-20190205-030454', 1, NULL, 114, NULL, 1, 440, NULL, 0, 'Cash', NULL, '2019-02-05 09:04:54', '2019-02-05 09:04:54'),
(176, 'ppr-20190207-125418', 1, 35, NULL, NULL, 1, 50, NULL, 50, 'Cash', NULL, '2019-02-07 06:54:18', '2019-02-07 07:05:23'),
(178, 'ppr-20190207-010640', 1, 35, NULL, NULL, 1, 50, NULL, 50, 'Cheque', NULL, '2019-02-07 07:06:40', '2019-02-07 07:07:04'),
(179, 'spr-20190207-010915', 1, NULL, 120, NULL, 1, 50, NULL, 50, 'Cash', NULL, '2019-02-07 07:09:15', '2019-02-07 07:09:15'),
(180, 'spr-20190209-104816', 1, NULL, 121, NULL, 1, 1272, NULL, 728, 'Cash', NULL, '2019-02-09 04:48:16', '2019-02-09 04:48:16'),
(181, 'ppr-20190209-104940', 1, 38, NULL, NULL, 1, 1660, NULL, 0, 'Cash', NULL, '2019-02-09 04:49:40', '2019-02-09 04:49:40'),
(182, 'ppr-20190209-104959', 1, 39, NULL, NULL, 1, 973.5, NULL, 0, 'Cash', NULL, '2019-02-09 04:49:59', '2019-02-09 04:49:59'),
(183, 'spr-20190219-023214', 1, NULL, 123, NULL, 1, 440, NULL, 0, 'Cash', NULL, '2019-02-19 08:32:14', '2019-02-19 08:32:14'),
(189, 'spr-20190303-104010', 1, NULL, 127, NULL, 1, 2500, NULL, 0, 'Cash', NULL, '2019-03-03 04:40:10', '2019-03-03 04:40:10'),
(190, 'ppr-20190303-104046', 1, 40, NULL, NULL, 1, 100, NULL, 0, 'Cash', NULL, '2019-03-03 04:40:46', '2019-03-03 04:40:46'),
(191, 'ppr-20190303-104222', 1, 37, NULL, NULL, 1, 4000, NULL, 0, 'Cash', NULL, '2019-03-03 04:42:22', '2019-03-03 04:42:22'),
(192, 'ppr-20190303-104414', 1, 41, NULL, NULL, 1, 1000, NULL, 0, 'Cash', NULL, '2019-03-03 04:44:14', '2019-03-03 04:44:14'),
(193, 'spr-20190404-095555', 1, NULL, 128, NULL, 1, 560, NULL, 0, 'Cash', NULL, '2019-04-04 03:55:55', '2019-04-04 03:55:55'),
(194, 'ppr-20190404-095910', 1, 42, NULL, NULL, 1, 300, NULL, 200, 'Cash', NULL, '2019-04-04 03:59:10', '2019-04-13 10:52:38'),
(195, 'spr-20190404-095937', 1, NULL, 129, NULL, 1, 120, NULL, 0, 'Cash', NULL, '2019-04-04 03:59:37', '2019-04-04 03:59:37'),
(196, 'spr-20190421-122124', 1, NULL, 130, NULL, 1, 586, NULL, 0, 'Cash', NULL, '2019-04-21 06:21:24', '2019-04-21 06:21:24'),
(197, 'spr-20190528-103229', 1, NULL, 131, NULL, 1, 2890, NULL, 0, 'Cash', NULL, '2019-05-28 04:32:29', '2019-05-28 04:32:29'),
(198, 'ppr-20190613-101351', 1, 37, NULL, NULL, 1, 2390, NULL, 0, 'Cash', NULL, '2019-06-13 04:13:51', '2019-06-13 04:13:51'),
(199, 'spr-20190613-101637', 1, NULL, 132, NULL, 1, 840, NULL, 0, 'Cash', NULL, '2019-06-13 04:16:37', '2019-06-13 04:16:37'),
(200, 'ppr-20190613-101713', 1, 43, NULL, NULL, 1, 1000, NULL, 0, 'Cash', NULL, '2019-06-13 04:17:13', '2019-06-13 04:17:13'),
(201, 'spr-20190613-101752', 1, NULL, 133, NULL, 1, 2700, NULL, 0, 'Cash', NULL, '2019-06-13 04:17:52', '2019-06-13 04:17:52'),
(202, 'ppr-20191019-032925', 1, 43, NULL, NULL, 1, 3290, NULL, 710, 'Cash', NULL, '2019-10-19 09:29:25', '2019-10-19 09:29:25'),
(203, 'spr-20191019-033028', 1, NULL, 134, NULL, 1, 2940, NULL, 60, 'Cash', NULL, '2019-10-19 09:30:28', '2019-10-19 09:30:28'),
(205, 'spr-20191103-114044', 1, NULL, 139, NULL, 1, 488, NULL, 12, 'Cash', NULL, '2019-11-03 05:40:44', '2019-11-03 05:40:44'),
(206, 'ppr-20191103-114222', 1, 46, NULL, NULL, 1, 200, NULL, 0, 'Cash', NULL, '2019-11-03 05:42:22', '2019-11-03 05:42:22'),
(211, 'spr-20191109-074131', 1, NULL, 144, NULL, 1, 1220, NULL, 0, 'Cash', NULL, '2019-11-09 13:41:31', '2019-11-09 13:41:31'),
(216, 'ppr-20191111-103911', 1, 49, NULL, NULL, 1, 5000, NULL, 0, 'Cheque', NULL, '2019-11-11 04:39:11', '2019-11-11 04:39:11'),
(217, 'spr-20191111-104008', 1, NULL, 147, NULL, 1, 2220, NULL, 780, 'Cash', NULL, '2019-11-11 04:40:08', '2019-11-11 04:40:08'),
(222, 'spr-20191203-115128', 1, NULL, 163, NULL, 1, 3, NULL, 0, 'Cash', NULL, '2019-12-03 05:51:28', '2019-12-03 05:51:28'),
(227, 'ppr-20191204-111124', 1, 57, NULL, NULL, 1, 220, NULL, 280, 'Cash', NULL, '2019-12-04 17:11:24', '2019-12-04 17:11:24'),
(228, 'spr-20191205-092712', 1, NULL, 173, NULL, 1, 621, NULL, 0, 'Cash', NULL, '2019-12-05 03:27:12', '2019-12-05 03:27:12'),
(239, 'spr-20191222-104058', 1, NULL, 187, NULL, 1, 288, NULL, 212, 'Cash', NULL, '2019-12-22 04:40:58', '2019-12-22 04:40:58'),
(241, 'spr-20191223-125946', 1, NULL, 190, NULL, 1, 1100, NULL, 400, 'Cash', NULL, '2019-12-23 06:59:46', '2019-12-23 06:59:46'),
(244, 'ppr-20200101-010750', 1, 61, NULL, NULL, 1, 60, NULL, 0, 'Cash', NULL, '2020-01-01 07:07:50', '2020-01-01 07:07:50'),
(246, 'spr-20200101-022028', 1, NULL, 193, NULL, 1, 1100, NULL, 400, 'Cash', NULL, '2020-01-01 08:20:28', '2020-01-01 08:20:28'),
(247, 'ppr-20200101-022131', 1, 59, NULL, NULL, 1, 6, NULL, 0, 'Cash', NULL, '2020-01-01 08:21:31', '2020-01-01 08:21:31'),
(248, 'ppr-20200101-022137', 1, 58, NULL, NULL, 1, 4, NULL, 0, 'Cash', NULL, '2020-01-01 08:21:37', '2020-01-01 08:21:37'),
(249, 'ppr-20200101-022144', 1, 56, NULL, NULL, 1, 2, NULL, 0, 'Cash', NULL, '2020-01-01 08:21:44', '2020-01-01 08:21:44'),
(250, 'ppr-20200101-022152', 1, 55, NULL, NULL, 1, 4, NULL, 0, 'Cash', NULL, '2020-01-01 08:21:52', '2020-01-01 08:21:52'),
(251, 'ppr-20200101-022225', 1, 49, NULL, NULL, 1, 2000, NULL, 0, 'Cash', NULL, '2020-01-01 08:22:25', '2020-01-01 08:22:25'),
(252, 'spr-20200102-043947', 1, NULL, 194, NULL, 1, 892, NULL, 108, 'Cash', NULL, '2020-01-02 10:39:47', '2020-01-02 10:39:47'),
(258, 'spr-20200203-035256', 1, NULL, 201, NULL, 1, 120, NULL, 880, 'Cash', NULL, '2020-02-03 09:52:56', '2020-02-03 09:52:56'),
(259, 'spr-20200204-105853', 1, NULL, 202, NULL, 1, 1400, NULL, 100, 'Cash', NULL, '2020-02-04 16:58:53', '2020-02-04 16:58:53'),
(260, 'ppr-20200204-110050', 1, 67, NULL, NULL, 1, 300, NULL, 0, 'Cash', NULL, '2020-02-04 17:00:50', '2020-02-04 17:00:50'),
(261, 'spr-20200302-115414', 1, NULL, 203, NULL, 1, 350, NULL, 150, 'Cash', NULL, '2020-03-02 05:54:14', '2020-03-02 05:54:14'),
(262, 'spr-20200302-115741', 1, NULL, 204, NULL, 1, 40, NULL, 10, 'Cash', NULL, '2020-03-02 05:57:41', '2020-03-02 05:57:41'),
(263, 'ppr-20200302-115811', 1, 70, NULL, NULL, 1, 50, NULL, 0, 'Cash', NULL, '2020-03-02 05:58:11', '2020-03-02 05:58:11'),
(264, 'ppr-20200302-115820', 1, 69, NULL, NULL, 1, 50, NULL, 0, 'Cash', NULL, '2020-03-02 05:58:20', '2020-03-02 05:58:20'),
(265, 'spr-20200311-044642', 1, NULL, 205, NULL, 1, 352, NULL, 148, 'Cash', NULL, '2020-03-11 10:46:42', '2020-03-11 10:46:42'),
(266, 'ppr-20200406-073823', 1, 71, NULL, NULL, 1, 2000, NULL, 1000, 'Cash', 'First Payment', '2020-04-06 13:38:23', '2020-04-06 13:38:55'),
(267, 'spr-20200406-074024', 1, NULL, 207, NULL, 1, 500, NULL, 500, 'Cash', NULL, '2020-04-06 13:40:24', '2020-04-06 13:40:24'),
(268, 'spr-20200406-074201', 1, NULL, 207, NULL, 1, 144, NULL, 56, 'Cash', NULL, '2020-04-06 13:42:01', '2020-04-06 13:42:01'),
(269, 'spr-20200506-105950', 1, NULL, 208, NULL, 1, 1540, NULL, 460, 'Cash', NULL, '2020-05-06 16:59:50', '2020-05-06 16:59:50'),
(270, 'spr-20200609-124248', 1, NULL, 209, NULL, 1, 1220, NULL, 780, 'Cash', NULL, '2020-06-09 06:42:48', '2020-06-09 06:42:48'),
(273, 'spr-20200703-063914', 1, NULL, 212, NULL, 1, 2585, NULL, 415, 'Cash', NULL, '2020-07-03 12:39:14', '2020-07-03 12:39:14'),
(274, 'spr-20200712-095153', 1, NULL, 213, NULL, 1, 13, NULL, 37, 'Cash', NULL, '2020-07-12 15:51:53', '2020-07-12 15:51:53'),
(276, 'spr-20200727-083808', 1, NULL, 217, NULL, 1, 385, NULL, 0, 'Cash', NULL, '2020-07-27 14:38:08', '2020-07-27 14:38:08'),
(277, 'spr-20200727-084024', 1, NULL, 218, NULL, 1, 385, NULL, 0, 'Cash', NULL, '2020-07-27 14:40:24', '2020-07-27 14:40:24'),
(278, 'spr-20200727-084645', 1, NULL, 219, NULL, 1, 385, NULL, 0, 'Cash', NULL, '2020-07-27 14:46:45', '2020-07-27 14:46:45'),
(279, 'spr-20200812-062806', 1, NULL, 220, NULL, 1, 760, NULL, 240, 'Cash', NULL, '2020-08-12 12:28:06', '2020-08-12 12:28:06'),
(280, 'ppr-20200812-062853', 1, 62, NULL, NULL, 1, 1650, NULL, 0, 'Cash', NULL, '2020-08-12 12:28:53', '2020-08-12 12:28:53'),
(281, 'spr-20200812-063035', 1, NULL, 221, NULL, 1, 1100, NULL, 0, 'Cash', NULL, '2020-08-12 12:30:35', '2020-08-12 12:30:35'),
(282, 'spr-20200816-100426', 1, NULL, 222, NULL, 1, 23000, NULL, 2000, 'Cash', NULL, '2020-08-16 16:04:26', '2020-08-16 16:04:26'),
(283, 'spr-20200816-100523', 1, NULL, 223, NULL, 1, 300, NULL, 200, 'Cash', NULL, '2020-08-16 16:05:23', '2020-08-16 16:05:23'),
(284, 'spr-20200816-100632', 1, NULL, 223, NULL, 1, 100, NULL, 0, 'Cash', NULL, '2020-08-16 16:06:32', '2020-08-16 16:06:32'),
(285, 'spr-20200816-100735', 1, NULL, 223, NULL, 1, 40, NULL, 0, 'Cash', NULL, '2020-08-16 16:07:35', '2020-08-16 16:07:35'),
(290, 'spr-20201017-092854', 9, NULL, 230, 2, 1, 200, NULL, 0, 'Cash', NULL, '2020-10-17 15:28:54', '2020-10-18 04:48:54'),
(291, 'spr-20201018-105138', 9, NULL, 230, 2, 1, 50, NULL, 0, 'Cash', NULL, '2020-10-18 04:51:38', '2020-10-18 04:51:38'),
(292, 'spr-20201018-111333', 9, NULL, 231, 2, 1, 100, NULL, 0, 'Cash', NULL, '2020-10-18 05:13:33', '2020-10-18 05:13:33'),
(293, 'spr-20201018-111426', 9, NULL, 231, 2, 1, 50, NULL, 0, 'Gift Card', NULL, '2020-10-18 05:14:26', '2020-10-18 05:14:26'),
(294, 'spr-20201018-111651', 9, NULL, 231, 2, 1, 50, NULL, 0, 'Credit Card', NULL, '2020-10-18 05:16:51', '2020-10-18 05:16:51'),
(295, 'spr-20201018-111724', 9, NULL, 231, 2, 1, 50, NULL, 0, 'Cheque', NULL, '2020-10-18 05:17:24', '2020-10-18 05:17:24'),
(296, 'spr-20201022-013018', 9, NULL, 232, 2, 1, 100, NULL, 0, 'Cash', NULL, '2020-10-22 07:30:18', '2020-10-22 07:30:18'),
(297, 'spr-20201022-015606', 1, NULL, 233, 3, 1, 250, NULL, 0, 'Cash', NULL, '2020-10-22 07:56:06', '2020-10-22 07:56:06'),
(298, 'spr-20201024-070508', 1, NULL, 234, 4, 1, 11500, NULL, 0, 'Cash', NULL, '2020-10-24 01:05:08', '2020-10-24 01:05:08'),
(299, 'spr-20201024-070753', 1, NULL, 235, 4, 1, 250, NULL, 0, 'Cash', NULL, '2020-10-24 01:07:53', '2020-10-24 01:07:53'),
(300, 'spr-20201024-034619', 1, NULL, 237, 4, 1, 61900, NULL, 0, 'Cash', NULL, '2020-10-24 09:46:19', '2020-10-24 09:46:19'),
(302, 'spr-20201027-054004', 1, NULL, 239, 3, 1, 2, NULL, 0, 'Cash', NULL, '2020-10-26 23:40:04', '2020-10-26 23:40:04'),
(303, 'spr-20201027-054207', 1, NULL, 240, 3, 1, 6, NULL, 0, 'Cash', NULL, '2020-10-26 23:42:07', '2020-10-26 23:42:07'),
(304, 'spr-20201027-063202', 1, NULL, 241, 4, 1, 250, NULL, 0, 'Cash', NULL, '2020-10-27 00:32:02', '2020-10-27 00:32:02'),
(305, 'spr-20201029-073033', 1, NULL, 242, 4, 1, 250, NULL, 0, 'Cash', NULL, '2020-10-29 01:30:33', '2020-10-29 01:30:33'),
(306, 'spr-20201101-072115', 1, NULL, 243, 4, 1, 250, NULL, 0, 'Cash', NULL, '2020-11-01 01:21:15', '2020-11-01 01:21:15'),
(307, 'spr-20201101-074225', 1, NULL, 245, 3, 1, 1130, NULL, 0, 'Cash', NULL, '2020-11-01 01:42:25', '2020-11-01 01:42:25'),
(308, 'spr-20201101-075019', 1, NULL, 246, 4, 1, 440, NULL, 0, 'Cash', NULL, '2020-11-01 01:50:19', '2020-11-01 01:50:19'),
(310, 'spr-20201106-013042', 1, NULL, 250, 4, 1, 378.4, NULL, 0, 'Cash', NULL, '2020-11-06 07:30:42', '2020-11-06 07:30:42'),
(311, 'spr-20201109-011527', 1, NULL, 251, 4, 1, 500, NULL, 0, 'Cash', NULL, '2020-11-09 07:15:27', '2020-11-09 07:15:27'),
(312, 'spr-20201111-055902', 1, NULL, 252, 3, 1, 229.5, NULL, 0, 'Cash', NULL, '2020-11-10 23:59:02', '2020-11-10 23:59:02'),
(313, 'spr-20201114-064739', 1, NULL, 253, 4, 1, 10242.5, NULL, 0, 'Cash', NULL, '2020-11-14 00:47:39', '2020-11-14 00:47:39'),
(316, 'spr-20201117-064751', 1, NULL, 256, 4, 1, 715, NULL, 0, 'Cash', NULL, '2020-11-17 00:47:51', '2020-11-17 00:47:51'),
(317, 'spr-20201117-070920', 1, NULL, 257, 4, 1, 250, NULL, 0, 'Cash', NULL, '2020-11-17 01:09:20', '2020-11-17 01:09:20'),
(320, 'ppr-20201118-062036', 1, 90, NULL, NULL, 1, 33000, NULL, 0, 'Cash', NULL, '2020-11-18 00:20:36', '2020-11-18 00:20:36'),
(321, 'spr-20201118-065242', 1, NULL, 258, 4, 1, 27200, NULL, 0, 'Cash', NULL, '2020-11-18 00:52:42', '2020-11-18 00:52:42'),
(324, 'spr-20201208-094000', 1, NULL, 263, 4, 1, 300, NULL, 200, 'Cash', NULL, '2020-12-08 03:40:00', '2020-12-08 03:40:00'),
(325, 'spr-20210106-022350', 1, NULL, 263, 4, 1, 50, NULL, 0, 'Cash', NULL, '2021-01-06 08:23:50', '2021-01-06 08:23:50'),
(330, 'spr-20210111-021625', 1, NULL, 271, 3, 1, 1274, NULL, 0, 'Cash', NULL, '2021-01-11 08:16:25', '2021-01-11 08:16:25'),
(332, 'spr-20210113-070243', 1, NULL, 274, 4, 1, 1556, NULL, 0, 'Cash', NULL, '2021-01-13 01:02:43', '2021-01-13 01:02:43'),
(333, 'spr-20210201-023748', 1, NULL, 275, 4, 1, 484, NULL, 0, 'Cash', NULL, '2021-02-01 08:37:48', '2021-02-01 08:37:48'),
(335, 'spr-20210216-070948', 1, NULL, 277, 4, 1, 15156, NULL, 0, 'Cash', NULL, '2021-02-16 01:09:48', '2021-02-16 01:09:48'),
(336, 'spr-20210217-073238', 1, NULL, 278, 4, 1, 26949.9, NULL, 0, 'Cash', NULL, '2021-02-17 01:32:38', '2021-02-17 01:32:38'),
(338, 'spr-20210524-074506', 1, NULL, 290, 3, 1, 250, NULL, 0, 'Cash', NULL, '2021-05-24 13:45:06', '2021-05-24 13:45:06'),
(339, 'spr-20210524-074647', 1, NULL, 290, 3, 1, -130, NULL, 0, 'Cash', NULL, '2021-05-24 13:46:47', '2021-05-24 13:46:47'),
(341, 'spr-20210601-123530', 1, NULL, 294, 4, 1, 440, NULL, 0, 'Cash', NULL, '2021-06-01 06:35:30', '2021-06-01 06:35:30'),
(342, 'spr-20210601-032209', 1, NULL, 295, 3, 1, 2, NULL, 0, 'Cash', NULL, '2021-06-01 09:22:09', '2021-06-01 09:22:09'),
(343, 'spr-20210601-034624', 1, NULL, 296, 3, 1, 2, NULL, 0, 'Cash', NULL, '2021-06-01 09:46:24', '2021-06-01 09:46:24'),
(344, 'spr-20210601-074150', 9, NULL, 297, 2, 1, 250, NULL, 0, 'Cash', NULL, '2021-06-01 13:41:50', '2021-06-01 13:41:50'),
(345, 'spr-20210601-075547', 9, NULL, 298, 2, 1, 2, NULL, 0, 'Cash', NULL, '2021-06-01 13:55:47', '2021-06-01 13:55:47'),
(346, 'spr-20210616-105325', 1, NULL, 299, 4, 1, 1100, NULL, 0, 'Cash', NULL, '2021-06-16 04:53:25', '2021-06-16 04:53:25'),
(347, 'spr-20210616-111044', 1, NULL, 300, 4, 1, 440, NULL, 0, 'Cash', NULL, '2021-06-16 05:10:44', '2021-06-16 05:10:44'),
(348, 'spr-20210616-111120', 1, NULL, 301, 4, 1, 2200, NULL, 0, 'Cash', NULL, '2021-06-16 05:11:20', '2021-06-16 05:11:20'),
(349, 'spr-20210616-080543', 1, NULL, 303, 4, 1, 440, 2, 0, 'Points', NULL, '2021-06-16 14:05:43', '2021-06-16 14:05:43'),
(351, 'spr-20210616-082851', 1, NULL, 305, 4, 1, 440, NULL, 0, 'Cash', NULL, '2021-06-16 14:28:51', '2021-06-16 14:28:51'),
(352, 'spr-20210617-115553', 1, NULL, 306, 3, 1, 1100, 4, 0, 'Points', NULL, '2021-06-17 05:55:53', '2021-06-17 05:55:53'),
(353, 'spr-20210617-121359', 1, NULL, 304, 4, 1, 440, 2, 0, 'Points', NULL, '2021-06-17 06:13:59', '2021-06-17 06:13:59'),
(354, 'spr-20210617-030013', 1, NULL, 307, 3, 1, 100, NULL, 0, 'Cash', NULL, '2021-06-17 09:00:13', '2021-06-17 09:00:13'),
(355, 'ppr-20210618-082857', 1, 115, NULL, NULL, 1, 101, NULL, 0, 'Cash', NULL, '2021-06-18 14:28:57', '2021-06-18 14:28:57'),
(356, 'spr-20210618-083127', 1, NULL, 308, 4, 1, 1608, NULL, 392, 'Cash', NULL, '2021-06-18 14:31:27', '2021-06-18 14:31:27'),
(357, 'spr-20210618-083254', 1, NULL, 309, 3, 1, 2, NULL, 0, 'Cash', NULL, '2021-06-18 14:32:54', '2021-06-18 14:32:54'),
(358, 'ppr-20210619-104903', 1, 116, NULL, NULL, 1, 101, NULL, 0, 'Cash', NULL, '2021-06-19 04:49:03', '2021-06-19 04:49:03'),
(359, 'spr-20210619-105121', 1, NULL, 310, 4, 1, 958, NULL, 42, 'Cash', NULL, '2021-06-19 04:51:21', '2021-06-19 04:51:21'),
(360, 'spr-20210619-110231', 1, NULL, 312, 4, 1, 440, 2, 0, 'Points', NULL, '2021-06-19 05:02:31', '2021-06-19 05:02:31'),
(361, 'spr-20210619-110638', 1, NULL, 313, 4, 1, 250, 1, 0, 'Points', NULL, '2021-06-19 05:06:38', '2021-06-19 05:06:38'),
(362, 'spr-20210627-124247', 1, NULL, 314, 4, 1, 1100, NULL, 0, 'Cash', NULL, '2021-06-27 06:42:47', '2021-06-27 06:42:47'),
(364, 'spr-20210707-103455', 1, NULL, 317, 4, 1, 18, NULL, 0, 'Cash', NULL, '2021-07-07 04:34:55', '2021-07-07 04:34:55'),
(367, 'spr-20210814-092805', 1, NULL, 325, 4, 1, 1250, NULL, 0, 'Cash', NULL, '2021-08-14 15:28:05', '2021-08-14 15:28:05'),
(371, 'spr-20210921-010722', 1, NULL, 333, 4, 1, 2, NULL, 0, 'Cash', NULL, '2021-09-21 07:07:22', '2021-09-21 07:07:22'),
(372, 'spr-20210921-035020', 1, NULL, 334, 4, 1, 120, NULL, 0, 'Cash', NULL, '2021-09-21 09:50:20', '2021-09-21 09:50:20'),
(373, 'spr-20210923-024704', 1, NULL, 335, 4, 1, 11, NULL, 0, 'Cash', NULL, '2021-09-23 08:47:04', '2021-09-23 08:47:04'),
(374, 'spr-20211003-051829', 1, NULL, 336, 4, 1, 1220, NULL, 0, 'Cash', NULL, '2021-10-03 11:18:29', '2021-10-03 11:18:29'),
(376, 'spr-20211003-054404', 1, NULL, 338, 4, 1, 1100, NULL, 0, 'Cash', NULL, '2021-10-03 11:44:04', '2021-10-03 11:44:04'),
(378, 'spr-20211007-025229', 1, NULL, 340, 4, 1, 1100, NULL, 0, 'Cash', NULL, '2021-10-07 08:52:29', '2021-10-07 08:52:29'),
(379, 'spr-20211007-033840', 1, NULL, 341, 4, 1, 1100, NULL, 0, 'Cash', NULL, '2021-10-07 09:38:40', '2021-10-07 09:38:40'),
(384, 'spr-20211014-035825', 1, NULL, 348, 4, 1, 1100, NULL, 0, 'Cash', NULL, '2021-10-14 09:58:25', '2021-10-14 09:58:25'),
(385, 'spr-20211020-011209', 1, NULL, 349, 4, 1, 102, NULL, 0, 'Cash', NULL, '2021-10-20 07:12:09', '2021-10-20 07:12:09'),
(386, 'spr-20211114-013929', 1, NULL, 353, 4, 1, 374, NULL, 0, 'Cash', NULL, '2021-11-14 07:39:29', '2021-11-14 07:39:29'),
(387, 'spr-20211124-062858', 1, NULL, 355, 4, 1, 3161, NULL, 0, 'Cash', NULL, '2021-11-24 12:28:58', '2021-11-24 12:28:58'),
(388, 'spr-20211207-070932', 1, NULL, 356, 4, 1, 573, NULL, 0, 'Cash', NULL, '2021-12-07 13:09:32', '2021-12-07 13:09:32');
SET IDENTITY_INSERT [Payment] OFF;

-- Seed PaymentWithCheque
SET IDENTITY_INSERT [PaymentWithCheque] ON;
INSERT INTO [PaymentWithCheque] ([Id], [PaymentId], [ChequeNo], [CreatedDate], [ModifiedDate]) VALUES
(1, 19, '23425235235', '2018-07-01 03:09:48', '2018-07-01 03:09:48'),
(2, 24, '3123123123', '2018-07-10 01:21:32', '2018-07-10 01:21:32'),
(3, 31, '767867678', '2018-08-08 10:36:22', '2018-08-08 10:36:22'),
(4, 34, '3123412', '2018-08-08 23:55:54', '2018-08-08 23:55:54'),
(5, 35, '7765', '2018-08-09 00:32:14', '2018-08-09 00:32:14'),
(6, 44, '3124142412', '2018-08-30 03:07:18', '2018-08-30 03:07:18'),
(7, 51, '6576764646', '2018-09-03 04:08:21', '2018-09-03 04:08:21'),
(8, 53, '111111111', '2018-09-03 04:15:24', '2018-09-03 04:15:24'),
(9, 79, '1111', '2018-10-06 00:51:55', '2018-10-06 00:51:55'),
(10, 147, '221133', '2018-12-04 00:58:35', '2018-12-04 00:58:35'),
(11, 175, '1111', '2019-02-07 06:38:23', '2019-02-07 06:38:23'),
(12, 176, '1111', '2019-02-07 06:54:59', '2019-02-07 06:54:59'),
(13, 178, '420', '2019-02-07 07:07:04', '2019-02-07 07:07:04'),
(14, 216, '12344321', '2019-11-11 04:39:11', '2019-11-11 04:39:11'),
(15, 295, '111122222', '2020-10-18 05:17:24', '2020-10-18 05:17:24');
SET IDENTITY_INSERT [PaymentWithCheque] OFF;

-- Seed PaymentWithGiftCard
SET IDENTITY_INSERT [PaymentWithGiftCard] ON;
INSERT INTO [PaymentWithGiftCard] ([Id], [PaymentId], [GiftCardId], [CreatedDate], [ModifiedDate]) VALUES
(1, 36, 2, '2018-08-24 21:48:36', '2018-08-25 00:57:35'),
(4, 39, 1, '2018-08-25 02:36:34', '2018-08-25 02:36:34'),
(6, 50, 1, '2018-09-02 23:01:38', '2018-09-02 23:01:38'),
(8, 293, 1, '2020-10-18 05:14:26', '2020-10-18 05:14:26');
SET IDENTITY_INSERT [PaymentWithGiftCard] OFF;

-- Seed Payroll
SET IDENTITY_INSERT [Payroll] ON;
INSERT INTO [Payroll] ([Id], [ReferenceNo], [EmployeeId], [AccountId], [UserId], [Amount], [PayingMethod], [Note], [CreatedDate], [ModifiedDate]) VALUES
(8, 'payroll-20190101-055231', 1, 1, 1, 100, '0', NULL, '2018-12-31 23:52:31', '2018-12-31 23:52:31'),
(9, 'payroll-20191204-113802', 1, 1, 1, 10000, '0', NULL, '2019-12-04 17:38:02', '2019-12-04 17:38:02'),
(10, 'payroll-20210619-123706', 1, 1, 1, 200, '0', NULL, '2021-06-19 06:37:06', '2021-06-19 06:37:06');
SET IDENTITY_INSERT [Payroll] OFF;

-- Seed Permission
SET IDENTITY_INSERT [Permission] ON;
INSERT INTO [Permission] ([Id], [Name], [GuardName], [CreatedDate], [ModifiedDate]) VALUES
(4, 'products-edit', 'web', '2018-06-03 01:00:09', '2018-06-03 01:00:09'),
(5, 'products-delete', 'web', '2018-06-03 22:54:22', '2018-06-03 22:54:22'),
(6, 'products-add', 'web', '2018-06-04 00:34:14', '2018-06-04 00:34:14'),
(7, 'products-index', 'web', '2018-06-04 03:34:27', '2018-06-04 03:34:27'),
(8, 'purchases-index', 'web', '2018-06-04 08:03:19', '2018-06-04 08:03:19'),
(9, 'purchases-add', 'web', '2018-06-04 08:12:25', '2018-06-04 08:12:25'),
(10, 'purchases-edit', 'web', '2018-06-04 09:47:36', '2018-06-04 09:47:36'),
(11, 'purchases-delete', 'web', '2018-06-04 09:47:36', '2018-06-04 09:47:36'),
(12, 'sales-index', 'web', '2018-06-04 10:49:08', '2018-06-04 10:49:08'),
(13, 'sales-add', 'web', '2018-06-04 10:49:52', '2018-06-04 10:49:52'),
(14, 'sales-edit', 'web', '2018-06-04 10:49:52', '2018-06-04 10:49:52'),
(15, 'sales-delete', 'web', '2018-06-04 10:49:53', '2018-06-04 10:49:53'),
(16, 'quotes-index', 'web', '2018-06-04 22:05:10', '2018-06-04 22:05:10'),
(17, 'quotes-add', 'web', '2018-06-04 22:05:10', '2018-06-04 22:05:10'),
(18, 'quotes-edit', 'web', '2018-06-04 22:05:10', '2018-06-04 22:05:10'),
(19, 'quotes-delete', 'web', '2018-06-04 22:05:10', '2018-06-04 22:05:10'),
(20, 'transfers-index', 'web', '2018-06-04 22:30:03', '2018-06-04 22:30:03'),
(21, 'transfers-add', 'web', '2018-06-04 22:30:03', '2018-06-04 22:30:03'),
(22, 'transfers-edit', 'web', '2018-06-04 22:30:03', '2018-06-04 22:30:03'),
(23, 'transfers-delete', 'web', '2018-06-04 22:30:03', '2018-06-04 22:30:03'),
(24, 'returns-index', 'web', '2018-06-04 22:50:24', '2018-06-04 22:50:24'),
(25, 'returns-add', 'web', '2018-06-04 22:50:24', '2018-06-04 22:50:24'),
(26, 'returns-edit', 'web', '2018-06-04 22:50:25', '2018-06-04 22:50:25'),
(27, 'returns-delete', 'web', '2018-06-04 22:50:25', '2018-06-04 22:50:25'),
(28, 'customers-index', 'web', '2018-06-04 23:15:54', '2018-06-04 23:15:54'),
(29, 'customers-add', 'web', '2018-06-04 23:15:55', '2018-06-04 23:15:55'),
(30, 'customers-edit', 'web', '2018-06-04 23:15:55', '2018-06-04 23:15:55'),
(31, 'customers-delete', 'web', '2018-06-04 23:15:55', '2018-06-04 23:15:55'),
(32, 'suppliers-index', 'web', '2018-06-04 23:40:12', '2018-06-04 23:40:12'),
(33, 'suppliers-add', 'web', '2018-06-04 23:40:12', '2018-06-04 23:40:12'),
(34, 'suppliers-edit', 'web', '2018-06-04 23:40:12', '2018-06-04 23:40:12'),
(35, 'suppliers-delete', 'web', '2018-06-04 23:40:12', '2018-06-04 23:40:12'),
(36, 'product-report', 'web', '2018-06-24 23:05:33', '2018-06-24 23:05:33'),
(37, 'purchase-report', 'web', '2018-06-24 23:24:56', '2018-06-24 23:24:56'),
(38, 'sale-report', 'web', '2018-06-24 23:33:13', '2018-06-24 23:33:13'),
(39, 'customer-report', 'web', '2018-06-24 23:36:51', '2018-06-24 23:36:51'),
(40, 'due-report', 'web', '2018-06-24 23:39:52', '2018-06-24 23:39:52'),
(41, 'users-index', 'web', '2018-06-25 00:00:10', '2018-06-25 00:00:10'),
(42, 'users-add', 'web', '2018-06-25 00:00:10', '2018-06-25 00:00:10'),
(43, 'users-edit', 'web', '2018-06-25 00:01:30', '2018-06-25 00:01:30'),
(44, 'users-delete', 'web', '2018-06-25 00:01:30', '2018-06-25 00:01:30'),
(45, 'profit-loss', 'web', '2018-07-14 21:50:05', '2018-07-14 21:50:05'),
(46, 'best-seller', 'web', '2018-07-14 22:01:38', '2018-07-14 22:01:38'),
(47, 'daily-sale', 'web', '2018-07-14 22:24:21', '2018-07-14 22:24:21'),
(48, 'monthly-sale', 'web', '2018-07-14 22:30:41', '2018-07-14 22:30:41'),
(49, 'daily-purchase', 'web', '2018-07-14 22:36:46', '2018-07-14 22:36:46'),
(50, 'monthly-purchase', 'web', '2018-07-14 22:48:17', '2018-07-14 22:48:17'),
(51, 'payment-report', 'web', '2018-07-14 23:10:41', '2018-07-14 23:10:41'),
(52, 'warehouse-stock-report', 'web', '2018-07-14 23:16:55', '2018-07-14 23:16:55'),
(53, 'product-qty-alert', 'web', '2018-07-14 23:33:21', '2018-07-14 23:33:21'),
(54, 'supplier-report', 'web', '2018-07-30 03:00:01', '2018-07-30 03:00:01'),
(55, 'expenses-index', 'web', '2018-09-05 01:07:10', '2018-09-05 01:07:10'),
(56, 'expenses-add', 'web', '2018-09-05 01:07:10', '2018-09-05 01:07:10'),
(57, 'expenses-edit', 'web', '2018-09-05 01:07:10', '2018-09-05 01:07:10'),
(58, 'expenses-delete', 'web', '2018-09-05 01:07:11', '2018-09-05 01:07:11'),
(59, 'general_setting', 'web', '2018-10-19 23:10:04', '2018-10-19 23:10:04'),
(60, 'mail_setting', 'web', '2018-10-19 23:10:04', '2018-10-19 23:10:04'),
(61, 'pos_setting', 'web', '2018-10-19 23:10:04', '2018-10-19 23:10:04'),
(62, 'hrm_setting', 'web', '2019-01-02 10:30:23', '2019-01-02 10:30:23'),
(63, 'purchase-return-index', 'web', '2019-01-02 21:45:14', '2019-01-02 21:45:14'),
(64, 'purchase-return-add', 'web', '2019-01-02 21:45:14', '2019-01-02 21:45:14'),
(65, 'purchase-return-edit', 'web', '2019-01-02 21:45:14', '2019-01-02 21:45:14'),
(66, 'purchase-return-delete', 'web', '2019-01-02 21:45:14', '2019-01-02 21:45:14'),
(67, 'account-index', 'web', '2019-01-02 22:06:13', '2019-01-02 22:06:13'),
(68, 'balance-sheet', 'web', '2019-01-02 22:06:14', '2019-01-02 22:06:14'),
(69, 'account-statement', 'web', '2019-01-02 22:06:14', '2019-01-02 22:06:14'),
(70, 'department', 'web', '2019-01-02 22:30:01', '2019-01-02 22:30:01'),
(71, 'attendance', 'web', '2019-01-02 22:30:01', '2019-01-02 22:30:01'),
(72, 'payroll', 'web', '2019-01-02 22:30:01', '2019-01-02 22:30:01'),
(73, 'employees-index', 'web', '2019-01-02 22:52:19', '2019-01-02 22:52:19'),
(74, 'employees-add', 'web', '2019-01-02 22:52:19', '2019-01-02 22:52:19'),
(75, 'employees-edit', 'web', '2019-01-02 22:52:19', '2019-01-02 22:52:19'),
(76, 'employees-delete', 'web', '2019-01-02 22:52:19', '2019-01-02 22:52:19'),
(77, 'user-report', 'web', '2019-01-16 06:48:18', '2019-01-16 06:48:18'),
(78, 'stock_count', 'web', '2019-02-17 10:32:01', '2019-02-17 10:32:01'),
(79, 'adjustment', 'web', '2019-02-17 10:32:02', '2019-02-17 10:32:02'),
(80, 'sms_setting', 'web', '2019-02-22 05:18:03', '2019-02-22 05:18:03'),
(81, 'create_sms', 'web', '2019-02-22 05:18:03', '2019-02-22 05:18:03'),
(82, 'print_barcode', 'web', '2019-03-07 05:02:19', '2019-03-07 05:02:19'),
(83, 'empty_database', 'web', '2019-03-07 05:02:19', '2019-03-07 05:02:19'),
(84, 'customer_group', 'web', '2019-03-07 05:37:15', '2019-03-07 05:37:15'),
(85, 'unit', 'web', '2019-03-07 05:37:15', '2019-03-07 05:37:15'),
(86, 'tax', 'web', '2019-03-07 05:37:15', '2019-03-07 05:37:15'),
(87, 'gift_card', 'web', '2019-03-07 06:29:38', '2019-03-07 06:29:38'),
(88, 'coupon', 'web', '2019-03-07 06:29:38', '2019-03-07 06:29:38'),
(89, 'holiday', 'web', '2019-10-19 08:57:15', '2019-10-19 08:57:15'),
(90, 'warehouse-report', 'web', '2019-10-22 06:00:23', '2019-10-22 06:00:23'),
(91, 'warehouse', 'web', '2020-02-26 06:47:32', '2020-02-26 06:47:32'),
(92, 'brand', 'web', '2020-02-26 06:59:59', '2020-02-26 06:59:59'),
(93, 'billers-index', 'web', '2020-02-26 07:11:15', '2020-02-26 07:11:15'),
(94, 'billers-add', 'web', '2020-02-26 07:11:15', '2020-02-26 07:11:15'),
(95, 'billers-edit', 'web', '2020-02-26 07:11:15', '2020-02-26 07:11:15'),
(96, 'billers-delete', 'web', '2020-02-26 07:11:15', '2020-02-26 07:11:15'),
(97, 'money-transfer', 'web', '2020-03-02 05:41:48', '2020-03-02 05:41:48'),
(98, 'category', 'web', '2020-07-13 12:13:16', '2020-07-13 12:13:16'),
(99, 'delivery', 'web', '2020-07-13 12:13:16', '2020-07-13 12:13:16'),
(100, 'send_notification', 'web', '2020-10-31 06:21:31', '2020-10-31 06:21:31'),
(101, 'today_sale', 'web', '2020-10-31 06:57:04', '2020-10-31 06:57:04'),
(102, 'today_profit', 'web', '2020-10-31 06:57:04', '2020-10-31 06:57:04'),
(103, 'currency', 'web', '2020-11-09 00:23:11', '2020-11-09 00:23:11'),
(104, 'backup_database', 'web', '2020-11-15 00:16:55', '2020-11-15 00:16:55'),
(105, 'reward_point_setting', 'web', '2021-06-27 04:34:42', '2021-06-27 04:34:42');
SET IDENTITY_INSERT [Permission] OFF;

-- Seed Product
SET IDENTITY_INSERT [Product] ON;
INSERT INTO [Product] ([Id], [Name], [Code], [Type], [BarcodeSymbology], [BrandId], [CategoryId], [UnitId], [PurchaseUnitId], [SaleUnitId], [Cost], [Price], [Qty], [AlertQuantity], [Promotion], [PromotionPrice], [StartingDate], [LastDate], [TaxId], [TaxMethod], [Image], [File], [IsVariant], [IsBatch], [IsDiffprice], [IsImei], [Featured], [ProductList], [VariantList], [QtyList], [PriceList], [ProductDetails], [IsActive], [CreatedDate], [ModifiedDate]) VALUES
(1, 'Mouse', '63920719', 'standard', 'UPCE', 4, 3, 1, 1, 1, '320', '400', 176, 20, 1, '350', '2020-06-30', '2020-07-31', 1, 1, 'toponemouse.jpg', NULL, NULL, NULL, 0, NULL, 1, NULL, NULL, NULL, NULL, '11:11:30 AMhello world', 1, '2018-05-12 22:23:03', '2021-12-07 13:41:55'),
(2, 'mango', '72782608', 'standard', 'C128', NULL, 1, 1, 3, 2, '8', '12', 3157, 100, NULL, NULL, NULL, NULL, 2, 2, 'mango.jpg', NULL, NULL, NULL, NULL, NULL, 1, NULL, NULL, NULL, NULL, '', 1, '2018-05-12 22:38:31', '2021-07-15 12:25:45'),
(3, 'Earphone', '85415108', 'standard', 'C128', 4, 2, 1, 1, 1, '200', '250', 149, 25, NULL, '220', '2020-11-02', '2020-11-30', NULL, 1, 'airphonesamsung.jpg', NULL, NULL, NULL, 0, NULL, 1, NULL, NULL, NULL, NULL, 'Earphone with good sound quality.' + CHAR(13)+CHAR(10) + 'jhjkhjkhjh @', 1, '2018-05-12 22:39:55', '2021-12-07 13:14:25'),
(4, 'lychee', '38314290', 'standard', 'C128', NULL, 1, 1, 1, 1, '1', '2', 290, 50, NULL, NULL, NULL, NULL, NULL, 1, 'lychee.jpg', NULL, NULL, NULL, NULL, NULL, 1, NULL, NULL, NULL, NULL, 'sweet lychee from kalipur, bashkhali', 1, '2018-05-23 22:54:56', '2021-07-15 12:25:45'),
(5, 'Baby doll', '31261512', 'standard', 'C128', 3, 4, 1, 1, 1, '100', '120', 133, 50, 1, '100', '2020-02-28', '2020-02-29', NULL, 1, 'lalacrybabydoll.jpg', NULL, NULL, NULL, 0, NULL, 1, NULL, NULL, NULL, NULL, '', 1, '2018-05-23 22:58:20', '2021-12-07 13:09:32'),
(6, 'test', '78041363', 'standard', 'C128', NULL, 2, 1, 1, 1, '12', '21', 0, NULL, NULL, NULL, NULL, NULL, NULL, 1, NULL, NULL, NULL, NULL, NULL, NULL, NULL, NULL, NULL, NULL, NULL, NULL, 0, '2018-05-27 23:50:25', '2018-05-27 23:53:24'),
(10, 'potato', '212132', 'standard', 'C128', NULL, 9, 7, 7, 7, '10', '22', 110.5, NULL, NULL, NULL, NULL, NULL, NULL, 1, 'potato.jpeg', NULL, NULL, NULL, NULL, NULL, NULL, NULL, NULL, NULL, NULL, '', 1, '2018-06-25 01:34:53', '2021-09-23 08:47:04'),
(13, 'ldms', '40624536', 'digital', 'C128', NULL, 3, 0, 0, 0, '0', '21', 0, NULL, NULL, NULL, NULL, NULL, NULL, 1, 'ldms.jpg', '1532330693.JPG', NULL, NULL, NULL, NULL, 1, NULL, NULL, NULL, NULL, 'Amazon Prime 1 MonthPrice: 300tk' + CHAR(13)+CHAR(10) + 'User Ability: Max 2 Mobile UserDuration: 1 MonthPackage: Premium', 1, '2018-07-23 01:09:29', '2020-03-07 16:45:01'),
(14, 'ni', '40237871', 'standard', 'C128', NULL, 9, 8, 8, 8, '55', '56', 0, NULL, NULL, NULL, NULL, NULL, NULL, 1, NULL, NULL, NULL, NULL, NULL, NULL, NULL, NULL, NULL, NULL, NULL, '', 0, '2018-07-31 22:36:51', '2018-07-31 22:41:48'),
(15, 'edawe', 'awd', 'standard', 'C128', NULL, 1, 4, 4, 4, '312', '132', 0, NULL, NULL, NULL, NULL, NULL, NULL, 1, NULL, NULL, NULL, NULL, NULL, NULL, NULL, NULL, NULL, NULL, NULL, '', 0, '2018-08-05 01:26:19', '2018-08-05 01:27:03'),
(16, 'weq', 'eqw', 'digital', 'C128', NULL, 2, 0, 0, 0, '0', '2', 0, NULL, NULL, NULL, NULL, NULL, NULL, 1, NULL, '1533454125.jpg', NULL, NULL, NULL, NULL, NULL, NULL, NULL, NULL, NULL, '', 0, '2018-08-05 01:28:45', '2018-08-05 01:29:23'),
(17, 'et', 'wer', 'standard', 'C128', NULL, 2, 4, 4, 4, '12', '21', 0, NULL, NULL, NULL, NULL, NULL, NULL, 1, NULL, NULL, NULL, NULL, NULL, NULL, NULL, NULL, NULL, NULL, NULL, '', 0, '2018-08-06 04:25:43', '2018-08-06 04:27:41'),
(18, 'wre', 'wre', 'standard', 'C128', NULL, 1, 4, 4, 4, '3', '2', 0, NULL, NULL, NULL, NULL, NULL, NULL, 1, NULL, NULL, NULL, NULL, NULL, NULL, NULL, NULL, NULL, NULL, NULL, '', 0, '2018-08-06 04:45:42', '2018-08-06 04:57:41'),
(19, 'ewr', 'wer', 'standard', 'C128', NULL, 2, 4, 4, 4, '3', '23', 0, NULL, 1, NULL, '2018-08-06', '2018-08-10', NULL, 1, NULL, NULL, NULL, NULL, NULL, NULL, NULL, NULL, NULL, NULL, NULL, '', 0, '2018-08-06 05:41:46', '2019-11-28 05:16:47'),
(20, 'dim', '4234', 'standard', 'C128', NULL, 10, 1, 1, 1, '1', '2', 0, NULL, NULL, NULL, NULL, NULL, NULL, 1, NULL, NULL, NULL, NULL, NULL, NULL, NULL, NULL, NULL, NULL, NULL, '', 0, '2018-08-28 23:37:07', '2018-08-28 23:43:18'),
(21, 'dim', '1', 'standard', 'C128', NULL, 11, 1, 1, 1, '1', '2', 0, NULL, NULL, NULL, NULL, NULL, NULL, 1, NULL, NULL, NULL, NULL, NULL, NULL, NULL, NULL, NULL, NULL, NULL, '', 0, '2018-08-28 23:49:27', '2018-08-28 23:53:21'),
(22, 'iphone-X', '97103461', 'standard', 'C128', 5, 2, 1, 1, 1, '800', '1000', 43, 20, NULL, NULL, NULL, NULL, 1, 1, 'iphoneX.jpg', NULL, NULL, NULL, 0, 1, 1, NULL, NULL, NULL, NULL, '', 1, '2018-09-03 04:05:17', '2021-12-07 13:01:11'),
(23, 'qwq', '1237920612311a', 'standard', 'C39', NULL, 2, 1, 1, 1, '1', '2', 0, NULL, NULL, NULL, NULL, NULL, NULL, 1, NULL, NULL, NULL, NULL, NULL, NULL, NULL, NULL, NULL, NULL, NULL, '', 0, '2018-09-10 23:53:18', '2018-09-10 23:56:04'),
(24, 'chocolate', '84802317', 'standard', 'C128', NULL, 9, 1, 1, 1, '1', '2', 0, NULL, NULL, NULL, NULL, NULL, NULL, 1, NULL, NULL, NULL, NULL, NULL, NULL, 1, NULL, NULL, NULL, NULL, '', 0, '2018-09-15 21:42:01', '2018-09-15 22:10:43'),
(25, 'Galaxy S9', '72100265', 'standard', 'C128', NULL, 2, 1, 1, 1, '500', '1000', 19, 50, NULL, NULL, NULL, NULL, 1, 1, 'SamsungGalaxyS9.jpg', NULL, NULL, NULL, 0, NULL, 1, NULL, NULL, NULL, NULL, '', 1, '2018-10-23 01:13:22', '2021-12-07 13:14:26'),
(26, 'Samsung Set', '39053411', 'combo', 'C128', 4, 2, 0, 0, 0, '0', '1250', 0, NULL, NULL, NULL, NULL, NULL, NULL, 1, 'zummXD2dvAtI.png', NULL, NULL, NULL, NULL, NULL, NULL, '3,25', NULL, '1,1', '250,1000', '', 1, '2018-11-19 03:59:06', '2018-11-20 02:12:02'),
(27, 'mixed fruit juice', '24805187', 'combo', 'C128', NULL, 9, 0, 0, 0, '0', '16', 0, NULL, NULL, NULL, NULL, NULL, NULL, 1, 'zummXD2dvAtI.png', NULL, NULL, NULL, NULL, NULL, NULL, '4,2', NULL, '3,1', '2,10', '', 0, '2018-11-19 09:39:26', '2018-11-24 22:35:51'),
(28, 'ssaaa', 'sasas', 'standard', 'C128', NULL, 2, 1, 1, 2, '1', '2', 0, NULL, NULL, NULL, NULL, NULL, NULL, 1, 'zummXD2dvAtI.png', NULL, NULL, NULL, NULL, NULL, NULL, NULL, NULL, NULL, NULL, '', 0, '2018-11-20 04:14:12', '2018-11-20 04:34:02'),
(29, 'testcloth', '16055884', 'standard', 'C128', NULL, 4, 10, 10, 10, '10', '15', 0, NULL, NULL, NULL, '2018-11-29', NULL, NULL, 1, 'zummXD2dvAtI.png', NULL, NULL, NULL, NULL, NULL, NULL, NULL, NULL, NULL, NULL, '', 0, '2018-11-29 03:49:25', '2019-03-01 15:09:27'),
(30, 'Polo Shirt', '53467102', 'standard', 'C128', NULL, 12, 1, 1, 1, '50', '100', 24, 10, NULL, NULL, NULL, NULL, NULL, 1, 'PoloShirt.jpg', NULL, NULL, NULL, NULL, NULL, 1, NULL, NULL, NULL, NULL, '', 1, '2018-12-04 23:29:43', '2021-07-15 12:25:45'),
(31, 'Shoe', '90471412', 'standard', 'C128', NULL, 12, 1, 1, 1, '250', '300', 25, 10, NULL, NULL, NULL, NULL, NULL, 1, 'Shoe.jpg', NULL, NULL, NULL, NULL, NULL, 1, NULL, NULL, NULL, NULL, '', 1, '2018-12-04 23:33:09', '2021-07-15 12:25:45'),
(32, 'Toothpaste', '859875003032', 'standard', 'C128', NULL, 12, 1, 1, 1, '5', '10', 29, NULL, NULL, NULL, NULL, NULL, NULL, 1, '1572759415477product-page-fresh-breath.jpg', NULL, NULL, NULL, NULL, NULL, NULL, NULL, NULL, NULL, NULL, '', 1, '2018-12-18 23:56:08', '2021-07-15 12:25:45'),
(33, 'tissue', '8941161008066', 'standard', 'C128', NULL, 12, 1, 1, 1, '10', '20', 38, NULL, NULL, NULL, NULL, NULL, NULL, 1, 'zummXD2dvAtI.png', NULL, NULL, NULL, NULL, NULL, 0, NULL, NULL, NULL, NULL, '', 1, '2018-12-23 23:33:58', '2021-07-15 12:25:45'),
(48, 'T-shirt', '93475396', 'standard', 'C128', NULL, 12, 1, 1, 1, '2', '3', 34, NULL, NULL, NULL, NULL, NULL, NULL, 1, '1577165120189220px-Blue_Tshirt.jpg', NULL, 1, NULL, NULL, NULL, 0, NULL, NULL, NULL, NULL, '', 1, '2019-11-21 07:03:04', '2021-12-07 13:09:32'),
(60, 'testvar', '32081679', 'standard', 'C128', NULL, 12, 1, 1, 1, '1', '2', 1, NULL, NULL, NULL, NULL, NULL, NULL, 1, 'zummXD2dvAtI.png', NULL, 1, NULL, NULL, NULL, 0, NULL, NULL, NULL, NULL, '', 1, '2020-05-18 16:44:14', '2020-10-26 23:42:06'),
(61, 'TV', '32703342', 'standard', 'C128', 4, 2, 1, 1, 1, '3000', '10000', 16, NULL, NULL, NULL, NULL, NULL, 2, 1, 'zummXD2dvAtI.png', NULL, NULL, NULL, NULL, NULL, 1, NULL, NULL, NULL, NULL, '', 1, '2020-08-16 15:58:39', '2021-07-15 12:25:45'),
(62, 'Test variant', '81145830', 'standard', 'C128', NULL, 4, 1, 1, 1, '1', '2', 3, NULL, NULL, NULL, NULL, NULL, NULL, 1, 'zummXD2dvAtI.png', NULL, 1, NULL, NULL, NULL, NULL, NULL, NULL, NULL, NULL, '', 1, '2020-09-27 06:08:27', '2021-02-11 01:28:16'),
(71, 'Napa', '41930312', 'standard', 'C128', NULL, 19, 1, 1, 1, '1', '2', 28, NULL, NULL, NULL, NULL, NULL, NULL, 1, 'zummXD2dvAtI.png', NULL, NULL, 1, 0, NULL, 0, NULL, NULL, NULL, NULL, '', 1, '2021-03-07 08:12:53', '2021-12-07 13:41:55'),
(72, 'Denim Jeans', '19243053', 'standard', 'C128', NULL, 12, 1, 1, 1, '2', '5', 9, NULL, NULL, NULL, NULL, NULL, NULL, 1, '16255551802975de6825f-5bbc-4d74-bce9-2aa4ab2311ce.jpg', NULL, NULL, NULL, 0, NULL, 0, NULL, NULL, NULL, NULL, '', 1, '2021-05-31 08:05:38', '2021-07-15 12:25:45'),
(74, 'Medium T shirt and Jeans', '10203123', 'combo', 'C128', NULL, 12, 0, 0, 0, '0', '18', 0, NULL, NULL, NULL, NULL, NULL, NULL, 1, 'zummXD2dvAtI.png', NULL, NULL, NULL, NULL, NULL, NULL, '48,72', '2,', '1,1', '13,5', '', 1, '2021-07-06 07:31:58', '2021-07-06 07:31:58'),
(75, 'Car Repair', '16972383', 'service', 'C128', NULL, 20, 0, 0, 0, '0', '200', 0, NULL, NULL, NULL, NULL, NULL, NULL, 1, 'zummXD2dvAtI.png', NULL, NULL, NULL, NULL, NULL, NULL, NULL, NULL, NULL, NULL, '', 1, '2021-07-15 12:38:41', '2021-07-15 12:38:41'),
(76, 'dasdas', '32781116', 'standard', 'C128', NULL, 4, 1, 1, 1, '1', '2', 0, NULL, NULL, NULL, NULL, NULL, NULL, 1, 'zummXD2dvAtI.png', NULL, NULL, NULL, NULL, 1, NULL, NULL, NULL, NULL, NULL, '', 1, '2021-11-09 10:57:02', '2021-11-09 10:57:02'),
(77, 'chukus', '48547006', 'standard', 'C128', NULL, 2, 1, 1, 1, '1', '2', 0, NULL, NULL, NULL, NULL, NULL, NULL, 1, '163886942338193136640_10156697499916330_2126367939505422336_n.jpg,1638869424762105705782_159243222380186_243702843374862028_o.jpg,202112070415034.jpg,202112070427354.jpg', NULL, NULL, NULL, 0, NULL, 0, NULL, NULL, NULL, NULL, '', 0, '2021-12-07 09:30:43', '2021-12-07 12:47:06');
SET IDENTITY_INSERT [Product] OFF;

-- Seed ProductBatch
SET IDENTITY_INSERT [ProductBatch] ON;
INSERT INTO [ProductBatch] ([Id], [ProductId], [BatchNo], [ExpiredDate], [Qty], [CreatedDate], [ModifiedDate]) VALUES
(1, 71, '1001', '2023-05-31', 16, '2021-03-07 08:14:05', '2021-12-07 13:41:55'),
(2, 71, '1002', '2023-05-31', 6, '2021-03-07 08:55:06', '2021-06-18 14:32:54'),
(3, 71, '1003', '2023-09-30', 2, '2021-03-09 09:42:13', '2021-09-21 09:49:37'),
(4, 22, '10001', '2021-11-30', 1, '2021-10-20 07:47:09', '2021-10-20 07:47:09');
SET IDENTITY_INSERT [ProductBatch] OFF;

-- Seed ProductPurchase
SET IDENTITY_INSERT [ProductPurchase] ON;
INSERT INTO [ProductPurchase] ([Id], [PurchaseId], [ProductId], [ProductBatchId], [VariantId], [ImeiNumber], [Qty], [Recieved], [PurchaseUnitId], [NetUnitCost], [Discount], [TaxRate], [Tax], [Total], [CreatedDate], [ModifiedDate]) VALUES
(59, 12, 4, NULL, NULL, NULL, 200, 200, 1, 1, 0, 0, 0, 200, '2018-08-08 23:48:36', '2018-08-08 23:48:36'),
(60, 12, 5, NULL, NULL, NULL, 100, 100, 1, 100, 0, 0, 0, 10000, '2018-08-08 23:48:36', '2018-08-08 23:48:36'),
(66, 13, 2, NULL, NULL, NULL, 100, 100, 3, 166.96, 0, 15, 2504.35, 19200, '2018-08-08 23:49:55', '2018-08-08 23:49:55'),
(67, 13, 3, NULL, NULL, NULL, 100, 100, 1, 200, 0, 0, 0, 20000, '2018-08-08 23:49:55', '2018-08-08 23:49:55'),
(68, 13, 1, NULL, NULL, NULL, 150, 150, 1, 320, 0, 10, 4800, 52800, '2018-08-08 23:49:55', '2018-08-08 23:49:55'),
(69, 13, 10, NULL, NULL, NULL, 60, 60, 7, 10, 0, 0, 0, 600, '2018-08-08 23:49:55', '2018-08-08 23:49:55'),
(70, 14, 1, NULL, NULL, NULL, 100, 100, 1, 320, 0, 10, 3200, 35200, '2018-08-09 07:23:48', '2018-08-09 07:23:48'),
(71, 14, 2, NULL, NULL, NULL, 50, 50, 3, 166.96, 0, 15, 1252.17, 9600, '2018-08-09 07:23:48', '2018-08-09 07:23:48'),
(72, 14, 3, NULL, NULL, NULL, 100, 100, 1, 200, 0, 0, 0, 20000, '2018-08-09 07:23:49', '2018-08-09 07:23:49'),
(73, 14, 5, NULL, NULL, NULL, 100, 100, 1, 100, 0, 0, 0, 10000, '2018-08-09 07:23:49', '2018-08-09 07:23:49'),
(74, 14, 10, NULL, NULL, NULL, 50, 50, 7, 10, 0, 0, 0, 500, '2018-08-09 07:23:49', '2018-08-09 07:23:49'),
(76, 15, 22, NULL, NULL, NULL, 20, 20, 1, 800, 0, 10, 1600, 17600, '2018-09-03 04:06:46', '2018-09-03 04:06:46'),
(87, 16, 22, NULL, NULL, NULL, 20, 20, 1, 800, 0, 10, 1600, 17600, '2018-09-20 09:09:12', '2018-09-20 09:09:12'),
(89, 18, 4, NULL, NULL, NULL, 50, 50, 1, 1, 0, 0, 0, 50, '2018-10-22 10:26:25', '2018-10-22 10:26:25'),
(90, 19, 4, NULL, NULL, NULL, 50, 50, 1, 1, 0, 0, 0, 50, '2018-10-22 10:26:52', '2018-10-22 10:26:52'),
(91, 20, 25, NULL, NULL, NULL, 15, 15, 1, 500, 0, 10, 750, 8250, '2018-10-23 01:14:21', '2018-10-23 01:14:21'),
(93, 21, 25, NULL, NULL, NULL, 15, 15, 1, 500, 0, 10, 750, 8250, '2018-10-23 01:14:58', '2018-10-23 01:14:58'),
(94, 22, 22, NULL, NULL, NULL, 5, 5, 1, 800, 0, 10, 400, 4400, '2018-10-31 22:59:03', '2018-10-31 22:59:03'),
(96, 23, 22, NULL, NULL, NULL, 5, 5, 1, 800, 0, 10, 400, 4400, '2018-11-03 03:23:52', '2018-11-03 03:23:52'),
(97, 24, 22, NULL, NULL, NULL, 15, 15, 1, 800, 0, 10, 1200, 13200, '2018-11-05 03:18:19', '2018-11-05 03:18:19'),
(98, 24, 25, NULL, NULL, NULL, 5, 5, 1, 500, 0, 10, 250, 2750, '2018-11-05 03:18:19', '2018-11-05 03:18:19'),
(99, 25, 31, NULL, NULL, NULL, 15, 15, 1, 250, 0, 0, 0, 3750, '2018-12-04 23:34:30', '2018-12-04 23:34:30'),
(100, 25, 30, NULL, NULL, NULL, 15, 15, 1, 50, 0, 0, 0, 750, '2018-12-04 23:34:30', '2018-12-04 23:34:30'),
(101, 26, 31, NULL, NULL, NULL, 15, 15, 1, 250, 0, 0, 0, 3750, '2018-12-04 23:35:08', '2018-12-04 23:35:08'),
(102, 26, 30, NULL, NULL, NULL, 15, 15, 1, 50, 0, 0, 0, 750, '2018-12-04 23:35:08', '2018-12-04 23:35:08'),
(104, 27, 32, NULL, NULL, NULL, 10, 10, 1, 1, 0, 0, 0, 10, '2018-12-18 23:57:41', '2018-12-18 23:57:41'),
(112, 33, 33, NULL, NULL, NULL, 10, 10, 1, 1, 0, 0, 0, 10, '2018-12-24 03:04:21', '2018-12-24 03:04:21'),
(113, 34, 25, NULL, NULL, NULL, 2, 2, 1, 500, 0, 10, 100, 1100, '2019-01-03 01:01:24', '2019-01-03 01:01:24'),
(114, 34, 22, NULL, NULL, NULL, 2, 2, 1, 800, 0, 10, 160, 1760, '2019-01-03 01:01:24', '2019-01-03 01:01:24'),
(115, 35, 31, NULL, NULL, NULL, 2, 2, 1, 250, 0, 0, 0, 500, '2019-01-29 03:54:48', '2019-01-29 03:54:48'),
(116, 35, 30, NULL, NULL, NULL, 2, 2, 1, 50, 0, 0, 0, 100, '2019-01-29 03:54:48', '2019-01-29 03:54:48'),
(117, 36, 30, NULL, NULL, NULL, 3, 3, 1, 50, 0, 0, 0, 150, '2019-01-29 03:55:58', '2019-01-29 03:55:58'),
(118, 36, 31, NULL, NULL, NULL, 2, 2, 1, 250, 0, 0, 0, 500, '2019-01-29 03:55:58', '2019-01-29 03:55:58'),
(121, 39, 1, NULL, NULL, NULL, 2, 2, 1, 315, 10, 10, 63, 693, '2019-02-09 04:44:13', '2019-02-09 04:44:13'),
(122, 39, 2, NULL, NULL, NULL, 1, 1, 3, 192, 0, 0, 0, 192, '2019-02-09 04:44:13', '2019-02-09 04:44:13'),
(123, 38, 32, NULL, NULL, NULL, 10, 10, 1, 1, 0, 0, 0, 10, '2019-02-09 04:45:24', '2019-02-09 04:45:24'),
(124, 38, 25, NULL, NULL, NULL, 3, 3, 1, 500, 0, 10, 150, 1650, '2019-02-09 04:45:24', '2019-02-09 04:45:24'),
(125, 37, 33, NULL, NULL, NULL, 10, 10, 1, 1, 0, 0, 0, 10, '2019-02-09 04:46:22', '2019-02-09 04:46:22'),
(126, 37, 25, NULL, NULL, NULL, 2, 2, 1, 500, 0, 10, 100, 1100, '2019-02-09 04:46:23', '2019-02-09 04:46:23'),
(127, 37, 22, NULL, NULL, NULL, 6, 6, 1, 800, 0, 10, 480, 5280, '2019-02-09 04:46:23', '2019-02-09 04:46:23'),
(128, 40, 33, NULL, NULL, NULL, 10, 10, 1, 10, 0, 0, 0, 100, '2019-03-03 04:39:17', '2019-03-03 04:39:17'),
(129, 41, 33, NULL, NULL, NULL, 5, 5, 1, 10, 0, 0, 0, 50, '2019-03-03 04:43:58', '2019-03-03 04:43:58'),
(130, 41, 1, NULL, NULL, NULL, 10, 10, 1, 320, 0, 10, 320, 3520, '2019-03-03 04:43:59', '2019-03-03 04:43:59'),
(133, 42, 30, NULL, NULL, NULL, 1, 1, 1, 50, 0, 0, 0, 50, '2019-04-13 13:50:08', '2019-04-13 13:50:08'),
(134, 42, 31, NULL, NULL, NULL, 1, 1, 1, 250, 0, 0, 0, 250, '2019-04-13 13:50:08', '2019-04-13 13:50:08'),
(135, 43, 25, NULL, NULL, NULL, 3, 3, 1, 500, 0, 10, 150, 1650, '2019-06-13 04:16:00', '2019-06-13 04:16:00'),
(136, 43, 22, NULL, NULL, NULL, 3, 3, 1, 800, 0, 10, 240, 2640, '2019-06-13 04:16:01', '2019-06-13 04:16:01'),
(137, 44, 25, NULL, NULL, NULL, 1, 1, 1, 500, 0, 10, 50, 550, '2019-10-19 09:31:19', '2019-10-19 09:31:19'),
(138, 44, 22, NULL, NULL, NULL, 1, 1, 1, 800, 0, 10, 80, 880, '2019-10-19 09:31:20', '2019-10-19 09:31:20'),
(140, 46, 33, NULL, NULL, NULL, 10, 10, 1, 10, 0, 0, 0, 100, '2019-11-03 05:39:49', '2019-11-03 05:39:49'),
(141, 46, 32, NULL, NULL, NULL, 10, 10, 1, 5, 0, 0, 0, 50, '2019-11-03 05:39:49', '2019-11-03 05:39:49'),
(142, 47, 1, NULL, NULL, NULL, 2, 2, 1, 315, 10, 10, 63, 693, '2019-11-09 05:25:10', '2019-11-09 05:25:10'),
(143, 47, 2, NULL, NULL, NULL, 1, 1, 3, 192, 0, 0, 0, 192, '2019-11-09 05:25:10', '2019-11-09 05:25:10'),
(144, 48, 4, NULL, NULL, NULL, 100, 100, 1, 1, 0, 0, 0, 100, '2019-11-10 13:02:21', '2019-11-10 13:02:21'),
(149, 49, 22, NULL, NULL, NULL, 10, 10, 1, 800, 0, 10, 800, 8800, '2019-11-11 04:28:59', '2019-11-11 04:28:59'),
(158, 55, 48, NULL, 3, NULL, 1, 1, 1, 2, 0, 0, 0, 2, '2019-11-27 16:28:35', '2019-11-27 16:28:35'),
(159, 55, 48, NULL, 2, NULL, 1, 1, 1, 2, 0, 0, 0, 2, '2019-11-27 16:28:35', '2019-11-27 16:28:35'),
(161, 57, 3, NULL, NULL, NULL, 1, 1, 1, 200, 0, 0, 0, 200, '2019-12-04 17:07:49', '2019-12-04 17:07:49'),
(162, 58, 48, NULL, 2, NULL, 1, 1, 1, 2, 0, 0, 0, 2, '2019-12-05 04:21:10', '2019-12-05 04:21:10'),
(163, 58, 48, NULL, 3, NULL, 1, 1, 1, 2, 0, 0, 0, 2, '2019-12-05 04:21:10', '2019-12-05 04:21:10'),
(169, 59, 48, NULL, 3, NULL, 1, 1, 1, 2, 0, 0, 0, 2, '2019-12-21 10:22:29', '2019-12-21 10:22:29'),
(170, 59, 48, NULL, 2, NULL, 1, 1, 1, 2, 0, 0, 0, 2, '2019-12-21 10:22:29', '2019-12-21 10:22:29'),
(171, 59, 48, NULL, 5, NULL, 1, 1, 1, 2, 0, 0, 0, 2, '2019-12-21 10:22:29', '2019-12-21 10:22:29'),
(174, 56, 48, NULL, 2, NULL, 1, 1, 1, 2, 0, 0, 0, 2, '2019-12-21 13:27:16', '2019-12-21 13:27:16'),
(178, 61, 48, NULL, 3, NULL, 10, 10, 1, 2, 0, 0, 0, 20, '2020-01-01 07:06:31', '2020-01-01 07:06:31'),
(179, 61, 48, NULL, 2, NULL, 10, 10, 1, 2, 0, 0, 0, 20, '2020-01-01 07:06:31', '2020-01-01 07:06:31'),
(180, 61, 48, NULL, 5, NULL, 10, 10, 1, 2, 0, 0, 0, 20, '2020-01-01 07:06:31', '2020-01-01 07:06:31'),
(181, 62, 25, NULL, NULL, NULL, 3, 3, 1, 500, 0, 10, 150, 1650, '2020-01-01 08:24:02', '2020-01-01 08:24:02'),
(209, 67, 31, NULL, NULL, NULL, 1, 1, 1, 250, 0, 0, 0, 250, '2020-02-04 17:00:41', '2020-02-04 17:00:41'),
(210, 67, 30, NULL, NULL, NULL, 1, 1, 1, 50, 0, 0, 0, 50, '2020-02-04 17:00:41', '2020-02-04 17:00:41'),
(212, 69, 4, NULL, NULL, NULL, 50, 50, 1, 1, 0, 0, 0, 50, '2020-03-02 05:55:10', '2020-03-02 05:55:10'),
(213, 70, 4, NULL, NULL, NULL, 50, 50, 1, 1, 0, 0, 0, 50, '2020-03-02 05:56:03', '2020-03-02 05:56:03'),
(214, 71, 25, NULL, NULL, NULL, 3, 3, 1, 500, 0, 10, 150, 1650, '2020-04-06 13:35:12', '2020-04-06 13:35:12'),
(215, 71, 31, NULL, NULL, NULL, 5, 5, 1, 250, 0, 0, 0, 1250, '2020-04-06 13:35:12', '2020-04-06 13:35:12'),
(216, 71, 30, NULL, NULL, NULL, 3, 3, 1, 50, 0, 0, 0, 150, '2020-04-06 13:35:12', '2020-04-06 13:35:12'),
(217, 72, 61, NULL, NULL, NULL, 10, 10, 1, 2500, 5000, 15, 3750, 28750, '2020-08-16 16:02:07', '2020-08-16 16:02:07'),
(219, 73, 62, NULL, 12, NULL, 2, 2, 1, 1, 0, 0, 0, 2, '2020-09-27 09:07:44', '2020-09-27 09:07:44'),
(221, 74, 61, NULL, NULL, NULL, 11, 11, 1, 3000, 0, 15, 4950, 37950, '2020-10-24 01:03:16', '2020-10-24 01:03:16'),
(222, 74, 22, NULL, NULL, NULL, 4, 4, 1, 800, 0, 10, 320, 3520, '2020-10-24 01:03:16', '2020-10-24 01:03:16'),
(232, 83, 60, NULL, 9, NULL, 2, 2, 1, 1, 0, 0, 0, 2, '2020-10-26 22:56:11', '2020-10-26 22:56:11'),
(233, 84, 60, NULL, 9, NULL, 2, 2, 1, 2, 0, 0, 0, 4, '2020-10-26 22:56:58', '2020-10-26 22:56:58'),
(234, 85, 1, NULL, NULL, NULL, 1, 1, 1, 320, 0, 10, 32, 352, '2020-11-02 03:29:52', '2020-11-02 03:29:52'),
(239, 87, 1, NULL, NULL, NULL, 1, 1, 1, 320, 0, 10, 32, 352, '2020-11-02 05:20:34', '2020-11-02 05:20:34'),
(242, 89, 62, NULL, 12, NULL, 1, 1, 1, 1, 0, 0, 0, 1, '2020-11-16 09:01:45', '2020-11-16 09:01:45'),
(243, 89, 1, NULL, NULL, NULL, 1, 1, 1, 320, 0, 10, 32, 352, '2020-11-16 09:01:45', '2020-11-16 09:01:45'),
(244, 90, 61, NULL, NULL, NULL, 10, 10, 1, 3000, 0, 15, 4500, 34500, '2020-11-18 00:15:44', '2020-11-18 00:15:44'),
(271, 98, 71, 1, NULL, NULL, 10, 10, 1, 1, 0, 0, 0, 10, '2021-03-07 08:14:05', '2021-03-07 08:14:05'),
(281, 100, 71, 1, NULL, NULL, 10, 10, 1, 1, 0, 0, 0, 10, '2021-03-09 09:45:19', '2021-03-09 09:45:19'),
(282, 99, 71, 2, NULL, NULL, 5, 5, 1, 1, 0, 0, 0, 5, '2021-03-09 09:46:50', '2021-03-09 09:46:50'),
(283, 102, 71, 1, NULL, NULL, 5, 5, 1, 1, 0, 0, 0, 5, '2021-03-11 03:47:53', '2021-03-11 03:47:53'),
(295, 105, 71, 1, NULL, NULL, 1, 1, 1, 1, 0, 0, 0, 1, '2021-04-09 15:53:48', '2021-04-09 15:53:48'),
(296, 105, 5, NULL, NULL, NULL, 1, 1, 1, 100, 0, 0, 0, 100, '2021-04-09 15:53:48', '2021-04-09 15:53:48'),
(297, 106, 1, NULL, NULL, NULL, 1, 1, 1, 320, 0, 10, 32, 352, '2021-05-24 13:18:54', '2021-05-24 13:18:54'),
(309, 113, 3, NULL, NULL, NULL, 1, 1, 1, 200, 0, 0, 0, 200, '2021-05-30 07:41:19', '2021-05-30 07:41:19'),
(310, 113, 71, 1, NULL, NULL, 1, 1, 1, 1, 0, 0, 0, 1, '2021-05-30 07:41:19', '2021-05-30 07:41:19'),
(311, 114, 71, 3, NULL, NULL, 3, 3, 1, 1.5, 0, 0, 0, 4.5, '2021-06-01 09:21:27', '2021-06-01 09:21:27'),
(312, 115, 71, 1, NULL, NULL, 1, 1, 1, 1, 0, 0, 0, 1, '2021-06-18 14:28:36', '2021-06-18 14:28:36'),
(313, 115, 5, NULL, NULL, NULL, 1, 1, 1, 100, 0, 0, 0, 100, '2021-06-18 14:28:36', '2021-06-18 14:28:36'),
(314, 116, 71, 1, NULL, NULL, 1, 1, 1, 1, 0, 0, 0, 1, '2021-06-19 04:48:22', '2021-06-19 04:48:22'),
(315, 116, 5, NULL, NULL, NULL, 1, 1, 1, 100, 0, 0, 0, 100, '2021-06-19 04:48:22', '2021-06-19 04:48:22'),
(316, 117, 72, NULL, NULL, NULL, 5, 5, 1, 2, 0, 0, 0, 10, '2021-07-06 07:10:42', '2021-07-06 07:10:42'),
(317, 118, 72, NULL, NULL, NULL, 5, 5, 1, 2, 0, 0, 0, 10, '2021-07-06 07:11:07', '2021-07-06 07:11:07'),
(324, 121, 71, 3, NULL, NULL, 1, 1, 1, 1, 0, 0, 0, 1, '2021-09-21 09:49:38', '2021-09-21 09:49:38'),
(325, 121, 5, NULL, NULL, NULL, 1, 1, 1, 100, 0, 0, 0, 100, '2021-09-21 09:49:38', '2021-09-21 09:49:38'),
(328, 123, 5, NULL, NULL, NULL, 1, 1, 1, 100, 0, 0, 0, 100, '2021-10-03 07:04:53', '2021-10-03 07:04:53'),
(329, 123, 22, NULL, NULL, '11101', 1, 1, 1, 800, 0, 10, 80, 880, '2021-10-03 07:04:53', '2021-10-03 07:04:53'),
(330, 124, 48, NULL, 2, NULL, 1, 1, 1, 2, 0, 0, 0, 2, '2021-10-03 07:06:21', '2021-10-03 07:06:21'),
(331, 124, 22, NULL, NULL, '11102', 1, 1, 1, 800, 0, 10, 80, 880, '2021-10-03 07:06:21', '2021-10-03 07:06:21'),
(345, 128, 22, NULL, NULL, NULL, 10, 5, 1, 800, 0, 10, 800, 8800, '2021-10-20 07:45:25', '2021-10-20 07:45:25'),
(346, 129, 22, 4, NULL, NULL, 1, 1, 1, 800, 0, 10, 80, 880, '2021-10-20 07:47:09', '2021-10-20 07:47:09'),
(356, 131, 3, NULL, NULL, NULL, 3, 3, 1, 200, 0, 0, 0, 600, '2021-11-29 07:29:18', '2021-11-29 07:29:18'),
(357, 131, 1, NULL, NULL, NULL, 2, 2, 1, 320, 0, 10, 64, 704, '2021-11-29 07:29:18', '2021-11-29 07:29:18'),
(363, 132, 22, NULL, NULL, '11103', 1, 1, 1, 800, 0, 10, 80, 880, '2021-12-07 13:01:11', '2021-12-07 13:01:11'),
(364, 132, 48, NULL, 5, NULL, 1, 1, 1, 2, 0, 0, 0, 2, '2021-12-07 13:01:11', '2021-12-07 13:01:11'),
(365, 132, 5, NULL, NULL, NULL, 1, 1, 1, 100, 0, 0, 0, 100, '2021-12-07 13:01:11', '2021-12-07 13:01:11');
SET IDENTITY_INSERT [ProductPurchase] OFF;

-- Seed ProductQuotation
SET IDENTITY_INSERT [ProductQuotation] ON;
INSERT INTO [ProductQuotation] ([Id], [QuotationId], [ProductId], [ProductBatchId], [VariantId], [Qty], [SaleUnitId], [NetUnitPrice], [Discount], [TaxRate], [Tax], [Total], [CreatedDate], [ModifiedDate]) VALUES
(2, 1, 1, NULL, NULL, 1, 2, 5030, 10, 15, 754.5, 5784.5, '2018-08-08 23:52:50', '2018-08-28 00:09:57'),
(3, 1, 4, NULL, NULL, 50, 1, 1.5, 25, 10, 7.5, 82.5, '2018-08-08 23:53:25', '2018-08-28 00:34:36'),
(4, 1, 2, NULL, NULL, 6, 1, 9.55, 0, 10, 5.73, 63, '2018-08-28 01:03:48', '2018-08-28 01:07:07'),
(5, 2, 10, NULL, NULL, 2.5, 7, 22, 0, 0, 0, 55, '2018-09-03 22:02:58', '2018-09-20 10:37:41'),
(6, 2, 13, NULL, NULL, 1, 0, 21, 0, 0, 0, 21, '2018-09-03 22:02:58', '2018-09-03 22:02:58'),
(7, 3, 1, NULL, NULL, 1, 1, 400, 0, 10, 40, 440, '2018-10-23 00:12:49', '2019-12-21 06:41:37'),
(19, 3, 48, NULL, 2, 1, 1, 13, 0, 0, 0, 13, '2019-12-07 08:50:02', '2019-12-21 06:41:37'),
(27, 11, 61, NULL, NULL, 2, 1, 10000, 0, 15, 3000, 23000, '2020-10-24 03:08:14', '2020-10-24 03:28:35'),
(28, 12, 3, NULL, NULL, 10, 1, 250, 0, 0, 0, 2500, '2020-12-09 23:34:01', '2020-12-09 23:34:01'),
(29, 12, 22, NULL, NULL, 5, 1, 1200, 0, 10, 600, 6600, '2020-12-09 23:34:01', '2020-12-09 23:34:01'),
(30, 13, 2, NULL, NULL, 10, 1, 10.43, 0, 15, 15.65, 120, '2021-01-12 06:58:03', '2021-01-12 06:59:15'),
(32, 13, 1, NULL, NULL, 1, 1, 400, 0, 10, 40, 440, '2021-01-12 06:58:03', '2021-01-12 06:59:15'),
(33, 13, 22, NULL, NULL, 1, 1, 1000, 0, 10, 100, 1100, '2021-01-12 06:59:15', '2021-01-12 06:59:15'),
(37, 15, 71, 1, NULL, 1, 1, 2, 0, 0, 0, 2, '2021-05-29 04:53:56', '2021-05-30 08:04:07'),
(38, 15, 1, NULL, NULL, 1, 1, 400, 0, 10, 40, 440, '2021-05-29 04:53:56', '2021-05-30 08:04:07');
SET IDENTITY_INSERT [ProductQuotation] OFF;

-- Seed ProductReturn
SET IDENTITY_INSERT [ProductReturn] ON;
INSERT INTO [ProductReturn] ([Id], [ReturnId], [ProductId], [ProductBatchId], [VariantId], [ImeiNumber], [Qty], [SaleUnitId], [NetUnitPrice], [Discount], [TaxRate], [Tax], [Total], [CreatedDate], [ModifiedDate]) VALUES
(3, 2, 4, NULL, NULL, NULL, 20, 1, 2, 0, 0, 0, 40, NULL, NULL),
(4, 3, 10, NULL, NULL, NULL, 2, 7, 22, 0, 0, 0, 44, NULL, '2018-10-07 02:19:40'),
(6, 5, 3, NULL, NULL, NULL, 1, 1, 250, 0, 0, 0, 250, NULL, '2018-12-25 22:16:08'),
(12, 6, 1, NULL, NULL, NULL, 1, 1, 400, 0, 10, 40, 440, NULL, NULL),
(23, 11, 13, NULL, NULL, NULL, 1, 0, 21, 0, 0, 0, 21, '2019-12-24 05:20:29', '2019-12-24 05:20:29'),
(26, 13, 61, NULL, NULL, NULL, 1, 1, 10000, 0, 15, 1500, 11500, '2020-08-16 16:25:02', '2020-08-16 16:25:02'),
(27, 14, 1, NULL, NULL, NULL, 1, 1, 400, 0, 10, 40, 440, '2020-10-13 11:39:54', '2020-10-13 11:39:54'),
(31, 18, 61, NULL, NULL, NULL, 1, 1, 10000, 0, 15, 1500, 11500, '2020-11-18 01:02:18', '2020-11-18 01:02:18'),
(32, 19, 3, NULL, NULL, NULL, 1, 1, 250, 0, 0, 0, 250, '2020-12-10 00:40:25', '2020-12-10 00:40:25'),
(43, 25, 71, 1, NULL, NULL, 1, 1, 2, 0, 0, 0, 2, '2021-05-24 13:39:50', '2021-05-24 13:39:50');
SET IDENTITY_INSERT [ProductReturn] OFF;

-- Seed ProductSale
SET IDENTITY_INSERT [ProductSale] ON;
INSERT INTO [ProductSale] ([Id], [SaleId], [ProductId], [ProductBatchId], [VariantId], [ImeiNumber], [Qty], [SaleUnitId], [NetUnitPrice], [Discount], [TaxRate], [Tax], [Total], [CreatedDate], [ModifiedDate]) VALUES
(1, 1, 2, NULL, NULL, NULL, 1, 2, 104.35, 0, 15, 15.65, 120, '2018-08-08 10:36:23', '2018-08-08 11:13:27'),
(3, 1, 5, NULL, NULL, NULL, 2, 1, 115, 10, 0, 0, 230, '2018-08-08 11:13:28', '2018-08-08 11:13:28'),
(4, 2, 1, NULL, NULL, NULL, 10, 1, 420, 0, 10, 420, 4620, '2018-08-08 23:54:53', '2018-08-08 23:54:53'),
(5, 2, 4, NULL, NULL, NULL, 50, 1, 2.1, 0, 0, 0, 105, '2018-08-08 23:54:53', '2018-08-08 23:54:53'),
(6, 2, 2, NULL, NULL, NULL, 3, 2, 109.57, 0, 15, 49.3, 378, '2018-08-08 23:54:53', '2018-08-08 23:54:53'),
(7, 3, 4, NULL, NULL, NULL, 20, 1, 2.1, 0, 0, 0, 42, '2018-08-09 00:32:15', '2018-08-09 00:32:15'),
(8, 3, 5, NULL, NULL, NULL, 5, 1, 126, 0, 0, 0, 630, '2018-08-09 00:32:15', '2018-08-09 00:32:15'),
(9, 3, 3, NULL, NULL, NULL, 1, 1, 225, 0, 0, 0, 225, '2018-08-09 00:32:15', '2018-08-09 00:32:15'),
(10, 4, 1, NULL, NULL, NULL, 2, 1, 400, 0, 10, 80, 880, '2018-08-24 21:48:37', '2018-08-24 21:48:37'),
(12, 6, 13, NULL, NULL, NULL, 1, 0, 18.9, 0, 0, 0, 18.9, '2018-08-26 03:48:36', '2018-08-26 05:48:05'),
(13, 7, 1, NULL, NULL, NULL, 2, 1, 400, 0, 10, 80, 880, '2018-08-27 01:35:45', '2018-08-27 01:35:45'),
(14, 8, 5, NULL, NULL, NULL, 2, 2, 1440, 0, 10, 288, 3168, '2018-09-01 23:39:54', '2018-09-01 23:39:54'),
(15, 9, 4, NULL, NULL, NULL, 10, 1, 2, 0, 0, 0, 20, '2018-09-02 21:33:14', '2018-09-02 21:33:14'),
(16, 10, 3, NULL, NULL, NULL, 1, 1, 250, 0, 0, 0, 250, '2018-09-02 23:01:39', '2018-09-02 23:01:39'),
(17, 11, 22, NULL, NULL, NULL, 5, 1, 1000, 0, 10, 500, 5500, '2018-09-03 04:08:21', '2018-09-03 04:08:21'),
(18, 12, 22, NULL, NULL, NULL, 10, 1, 1050, 0, 10, 1050, 11550, '2018-09-03 04:10:33', '2018-09-03 04:10:33'),
(46, 29, 5, NULL, NULL, NULL, 1, 1, 120, 0, 0, 0, 120, '2018-09-09 03:38:41', '2018-09-09 03:38:41'),
(47, 30, 1, NULL, NULL, NULL, 1, 1, 400, 0, 10, 40, 440, '2018-09-09 22:57:06', '2018-09-20 09:12:38'),
(48, 31, 1, NULL, NULL, NULL, 1, 1, 400, 0, 10, 40, 440, '2018-09-26 03:20:59', '2018-09-26 03:21:25'),
(49, 31, 2, NULL, NULL, NULL, 1, 2, 104.35, 0, 15, 15.65, 120, '2018-09-26 03:20:59', '2018-09-26 03:21:25'),
(50, 32, 1, NULL, NULL, NULL, 1, 1, 400, 0, 10, 40, 440, '2018-10-04 03:55:48', '2018-10-04 03:55:48'),
(51, 33, 1, NULL, NULL, NULL, 1, 1, 400, 0, 10, 40, 440, '2018-10-04 04:00:23', '2018-10-04 04:00:23'),
(57, 37, 3, NULL, NULL, NULL, 1, 1, 250, 0, 0, 0, 250, '2018-10-07 00:46:05', '2018-10-07 00:46:05'),
(58, 38, 1, NULL, NULL, NULL, 1, 1, 400, 0, 10, 40, 440, '2018-10-07 00:47:19', '2018-10-07 00:47:19'),
(61, 40, 1, NULL, NULL, NULL, 1, 1, 400, 0, 10, 40, 440, '2018-10-07 01:13:12', '2018-10-07 01:13:12'),
(62, 41, 1, NULL, NULL, NULL, 1, 1, 400, 0, 10, 40, 440, '2018-10-09 22:16:21', '2018-10-09 22:16:21'),
(63, 41, 13, NULL, NULL, NULL, 1, 0, 21, 0, 0, 0, 21, '2018-10-09 22:16:21', '2018-10-09 22:16:21'),
(64, 42, 1, NULL, NULL, NULL, 1, 1, 400, 0, 10, 40, 440, '2018-10-09 23:34:51', '2018-10-09 23:34:51'),
(65, 43, 1, NULL, NULL, NULL, 1, 1, 400, 0, 10, 40, 440, '2018-10-15 21:34:35', '2018-10-15 21:34:35'),
(78, 55, 3, NULL, NULL, NULL, 1, 1, 250, 0, 0, 0, 250, '2018-10-21 00:53:34', '2018-10-21 00:53:34'),
(80, 57, 1, NULL, NULL, NULL, 1, 1, 400, 0, 10, 40, 440, '2018-10-21 02:26:12', '2018-10-21 02:26:12'),
(81, 57, 13, NULL, NULL, NULL, 2, 0, 21, 0, 0, 0, 42, '2018-10-21 02:26:13', '2018-10-21 02:26:13'),
(82, 58, 22, NULL, NULL, NULL, 1, 1, 1000, 0, 10, 100, 1100, '2018-10-22 09:27:24', '2018-10-22 09:27:24'),
(83, 58, 5, NULL, NULL, NULL, 1, 1, 120, 0, 0, 0, 120, '2018-10-22 09:27:24', '2018-10-22 09:27:24'),
(101, 73, 25, NULL, NULL, NULL, 3, 1, 1000, 0, 10, 300, 3300, '2018-10-23 01:15:43', '2018-10-23 01:15:43'),
(102, 73, 22, NULL, NULL, NULL, 2, 1, 1000, 0, 10, 200, 2200, '2018-10-23 01:15:44', '2018-10-23 01:15:44'),
(103, 74, 22, NULL, NULL, NULL, 1, 1, 1000, 0, 10, 100, 1100, '2018-10-23 01:16:44', '2018-10-23 01:16:44'),
(104, 74, 25, NULL, NULL, NULL, 1, 1, 1000, 0, 10, 100, 1100, '2018-10-23 01:16:44', '2018-10-23 01:16:44'),
(105, 74, 5, NULL, NULL, NULL, 1, 1, 120, 0, 0, 0, 120, '2018-10-23 01:16:44', '2018-10-23 01:16:44'),
(106, 75, 2, NULL, NULL, NULL, 3, 2, 104.35, 0, 15, 46.96, 360, '2018-10-31 23:00:27', '2018-10-31 23:00:27'),
(107, 75, 22, NULL, NULL, NULL, 2, 1, 1000, 0, 10, 200, 2200, '2018-10-31 23:00:27', '2018-10-31 23:00:27'),
(108, 75, 25, NULL, NULL, NULL, 3, 1, 1000, 0, 10, 300, 3300, '2018-10-31 23:00:27', '2018-10-31 23:00:27'),
(109, 75, 1, NULL, NULL, NULL, 2, 1, 400, 0, 10, 80, 880, '2018-10-31 23:00:27', '2018-10-31 23:00:27'),
(110, 75, 5, NULL, NULL, NULL, 2, 1, 120, 0, 0, 0, 240, '2018-10-31 23:00:27', '2018-10-31 23:00:27'),
(111, 76, 3, NULL, NULL, NULL, 1, 1, 250, 0, 0, 0, 250, '2018-10-31 23:01:26', '2018-11-03 03:28:56'),
(112, 76, 22, NULL, NULL, NULL, 1, 1, 1000, 0, 10, 100, 1100, '2018-10-31 23:01:27', '2018-11-03 03:28:56'),
(113, 76, 13, NULL, NULL, NULL, 4, 0, 21, 0, 0, 0, 84, '2018-10-31 23:01:27', '2018-11-03 03:28:56'),
(117, 79, 1, NULL, NULL, NULL, 4, 1, 400, 0, 10, 160, 1760, '2018-11-05 03:15:17', '2018-11-05 03:15:17'),
(118, 79, 2, NULL, NULL, NULL, 7, 2, 104.35, 0, 15, 109.57, 840, '2018-11-05 03:15:17', '2018-11-05 03:15:17'),
(119, 79, 3, NULL, NULL, NULL, 7, 1, 250, 0, 0, 0, 1750, '2018-11-05 03:15:17', '2018-11-05 03:15:17'),
(120, 79, 4, NULL, NULL, NULL, 7, 1, 2, 0, 0, 0, 14, '2018-11-05 03:15:17', '2018-11-05 03:15:17'),
(121, 79, 22, NULL, NULL, NULL, 8, 1, 1000, 0, 10, 800, 8800, '2018-11-05 03:15:17', '2018-11-05 03:15:17'),
(122, 79, 13, NULL, NULL, NULL, 10, 0, 21, 0, 0, 0, 210, '2018-11-05 03:15:17', '2018-11-05 03:15:17'),
(123, 79, 5, NULL, NULL, NULL, 9, 1, 120, 0, 0, 0, 1080, '2018-11-05 03:15:17', '2018-11-05 03:15:17'),
(124, 80, 2, NULL, NULL, NULL, 2, 2, 104.35, 0, 15, 31.3, 240, '2018-11-05 03:19:58', '2018-11-05 03:19:58'),
(125, 80, 3, NULL, NULL, NULL, 2, 1, 250, 0, 0, 0, 500, '2018-11-05 03:19:58', '2018-11-05 03:19:58'),
(126, 80, 1, NULL, NULL, NULL, 4, 1, 400, 0, 10, 160, 1760, '2018-11-05 03:19:58', '2018-11-05 03:19:58'),
(132, 86, 22, NULL, NULL, NULL, 1, 1, 1000, 0, 10, 100, 1100, '2018-11-05 03:59:48', '2018-11-05 03:59:48'),
(134, 88, 22, NULL, NULL, NULL, 1, 1, 1000, 0, 10, 100, 1100, '2018-11-05 04:02:58', '2018-11-05 04:02:58'),
(142, 94, 2, NULL, NULL, NULL, 1, 2, 104.35, 0, 15, 15.65, 120, '2018-11-26 08:05:34', '2018-11-26 08:05:34'),
(143, 95, 5, NULL, NULL, NULL, 3, 1, 120, 0, 0, 0, 360, '2018-11-27 03:36:08', '2018-11-27 03:36:08'),
(144, 95, 5, NULL, NULL, NULL, 3, 1, 120, 0, 0, 0, 360, '2018-11-27 03:36:08', '2018-11-27 03:36:08'),
(145, 96, 2, NULL, NULL, NULL, 1, 2, 104.35, 0, 15, 15.65, 120, '2018-11-28 01:15:09', '2018-11-28 01:15:09'),
(146, 97, 2, NULL, NULL, NULL, 2, 2, 104.35, 0, 15, 31.3, 240, '2018-12-01 00:05:18', '2018-12-01 00:05:18'),
(147, 97, 10, NULL, NULL, NULL, 1, 7, 22, 0, 0, 0, 22, '2018-12-01 00:05:18', '2018-12-01 00:05:18'),
(148, 98, 30, NULL, NULL, NULL, 2, 1, 100, 0, 0, 0, 200, '2018-12-04 23:35:58', '2018-12-04 23:35:58'),
(149, 98, 31, NULL, NULL, NULL, 2, 1, 300, 0, 0, 0, 600, '2018-12-04 23:35:58', '2018-12-04 23:35:58'),
(150, 99, 30, NULL, NULL, NULL, 2, 1, 100, 0, 0, 0, 200, '2018-12-04 23:37:19', '2018-12-04 23:37:19'),
(151, 99, 31, NULL, NULL, NULL, 2, 1, 300, 0, 0, 0, 600, '2018-12-04 23:37:20', '2018-12-04 23:37:20'),
(153, 101, 30, NULL, NULL, NULL, 1, 1, 100, 0, 0, 0, 100, '2018-12-08 00:20:26', '2018-12-08 00:20:26'),
(155, 103, 2, NULL, NULL, NULL, 1, 2, 104.35, 0, 15, 15.65, 120, '2018-12-23 22:58:32', '2018-12-23 22:58:32'),
(156, 104, 33, NULL, NULL, NULL, 4, 1, 2, 0, 0, 0, 8, '2018-12-24 03:15:27', '2018-12-24 21:55:23'),
(157, 104, 26, NULL, NULL, NULL, 2, 0, 1250, 0, 0, 0, 2500, '2018-12-24 21:47:54', '2018-12-24 21:55:23'),
(158, 105, 13, NULL, NULL, NULL, 1, 0, 21, 0, 0, 0, 21, '2018-12-31 23:45:38', '2018-12-31 23:45:38'),
(159, 106, 2, NULL, NULL, NULL, 1, 2, 104.35, 0, 15, 15.65, 120, '2019-01-01 03:10:40', '2019-01-01 03:10:40'),
(160, 106, 3, NULL, NULL, NULL, 2, 1, 250, 0, 0, 0, 500, '2019-01-01 03:10:40', '2019-01-01 03:10:40'),
(161, 106, 5, NULL, NULL, NULL, 2, 1, 120, 0, 0, 0, 240, '2019-01-01 03:10:40', '2019-01-01 03:10:40'),
(162, 107, 3, NULL, NULL, NULL, 2, 1, 250, 0, 0, 0, 500, '2019-01-03 00:56:27', '2019-01-03 00:56:27'),
(163, 107, 5, NULL, NULL, NULL, 2, 1, 120, 0, 0, 0, 240, '2019-01-03 00:56:27', '2019-01-03 00:56:27'),
(164, 107, 22, NULL, NULL, NULL, 2, 1, 1000, 0, 10, 200, 2200, '2019-01-03 00:56:27', '2019-01-03 00:56:27'),
(165, 107, 25, NULL, NULL, NULL, 1, 1, 1000, 0, 10, 100, 1100, '2019-01-03 00:56:27', '2019-01-03 00:56:27'),
(166, 107, 1, NULL, NULL, NULL, 2, 1, 400, 0, 10, 80, 880, '2019-01-03 00:56:27', '2019-01-03 00:56:27'),
(167, 107, 2, NULL, NULL, NULL, 1, 2, 104.35, 0, 15, 15.65, 120, '2019-01-03 00:56:27', '2019-01-03 00:56:27'),
(168, 108, 2, NULL, NULL, NULL, 1, 2, 104.35, 0, 15, 15.65, 120, '2019-01-20 09:58:24', '2019-01-20 09:58:24'),
(169, 109, 1, NULL, NULL, NULL, 1, 1, 400, 0, 10, 40, 440, '2019-01-29 04:14:43', '2019-01-29 04:14:43'),
(170, 109, 30, NULL, NULL, NULL, 1, 1, 100, 0, 0, 0, 100, '2019-01-29 04:14:43', '2019-01-29 04:14:43'),
(171, 110, 31, NULL, NULL, NULL, 2, 1, 300, 0, 0, 0, 600, '2019-01-29 05:50:41', '2019-01-29 05:50:41'),
(172, 110, 25, NULL, NULL, NULL, 1, 1, 1000, 0, 10, 100, 1100, '2019-01-29 05:50:41', '2019-01-29 05:50:41'),
(173, 111, 3, NULL, NULL, NULL, 1, 1, 250, 0, 0, 0, 250, '2019-01-31 05:08:39', '2019-01-31 05:08:39'),
(174, 111, 13, NULL, NULL, NULL, 1, 0, 21, 0, 0, 0, 21, '2019-01-31 05:08:39', '2019-01-31 05:08:39'),
(175, 112, 1, NULL, NULL, NULL, 1, 1, 400, 0, 10, 40, 440, '2019-02-02 04:40:45', '2019-02-02 04:40:45'),
(176, 113, 3, NULL, NULL, NULL, 1, 1, 250, 0, 0, 0, 250, '2019-02-02 05:41:17', '2019-02-02 05:41:17'),
(177, 113, 30, NULL, NULL, NULL, 1, 1, 100, 0, 0, 0, 100, '2019-02-02 05:41:17', '2019-02-02 05:41:17'),
(178, 114, 1, NULL, NULL, NULL, 1, 1, 400, 0, 10, 40, 440, '2019-02-05 09:04:45', '2019-02-05 09:04:45'),
(183, 118, 1, NULL, NULL, NULL, 1, 1, 400, 0, 10, 40, 440, '2019-02-07 05:15:42', '2019-02-07 05:15:42'),
(185, 120, 1, NULL, NULL, NULL, 1, 1, 400, 0, 10, 40, 440, '2019-02-07 05:40:37', '2019-02-07 05:40:37'),
(186, 121, 3, NULL, NULL, NULL, 1, 1, 250, 0, 0, 0, 250, '2019-02-09 04:48:14', '2019-02-09 04:48:14'),
(187, 121, 2, NULL, NULL, NULL, 1, 2, 104.35, 0, 15, 15.65, 120, '2019-02-09 04:48:14', '2019-02-09 04:48:14'),
(188, 121, 4, NULL, NULL, NULL, 10, 1, 2, 0, 0, 0, 20, '2019-02-09 04:48:15', '2019-02-09 04:48:15'),
(189, 121, 13, NULL, NULL, NULL, 2, 0, 21, 0, 0, 0, 42, '2019-02-09 04:48:15', '2019-02-09 04:48:15'),
(190, 121, 1, NULL, NULL, NULL, 1, 1, 400, 0, 10, 40, 440, '2019-02-09 04:48:15', '2019-02-09 04:48:15'),
(191, 121, 31, NULL, NULL, NULL, 1, 1, 300, 0, 0, 0, 300, '2019-02-09 04:48:15', '2019-02-09 04:48:15'),
(192, 121, 30, NULL, NULL, NULL, 1, 1, 100, 0, 0, 0, 100, '2019-02-09 04:48:15', '2019-02-09 04:48:15'),
(194, 123, 1, NULL, NULL, NULL, 1, 1, 400, 0, 10, 40, 440, '2019-02-19 08:32:14', '2019-02-19 08:32:14'),
(198, 127, 31, NULL, NULL, NULL, 1, 1, 300, 0, 0, 0, 300, '2019-03-03 04:40:10', '2019-03-03 04:40:10'),
(199, 127, 25, NULL, NULL, NULL, 1, 1, 1000, 0, 10, 100, 1100, '2019-03-03 04:40:10', '2019-03-03 04:40:10'),
(200, 127, 22, NULL, NULL, NULL, 1, 1, 1000, 0, 10, 100, 1100, '2019-03-03 04:40:10', '2019-03-03 04:40:10'),
(201, 128, 1, NULL, NULL, NULL, 1, 1, 400, 0, 10, 40, 440, '2019-04-04 03:55:55', '2019-04-04 03:55:55'),
(202, 128, 2, NULL, NULL, NULL, 1, 2, 104.35, 0, 15, 15.65, 120, '2019-04-04 03:55:55', '2019-04-04 03:55:55'),
(203, 129, 5, NULL, NULL, NULL, 2, 1, 120, 0, 0, 0, 240, '2019-04-04 03:59:37', '2019-04-11 04:50:16'),
(204, 130, 1, NULL, NULL, NULL, 1, 1, 400, 0, 10, 40, 440, '2019-04-21 06:21:24', '2019-04-21 06:21:24'),
(205, 130, 2, NULL, NULL, NULL, 1, 2, 125.22, 0, 15, 18.78, 144, '2019-04-21 06:21:24', '2019-04-21 06:21:24'),
(206, 130, 4, NULL, NULL, NULL, 1, 1, 2, 0, 0, 0, 2, '2019-04-21 06:21:24', '2019-04-21 06:21:24'),
(207, 131, 1, NULL, NULL, NULL, 1, 1, 400, 0, 10, 40, 440, '2019-05-28 04:32:29', '2019-05-28 04:32:29'),
(208, 131, 3, NULL, NULL, NULL, 1, 1, 250, 0, 0, 0, 250, '2019-05-28 04:32:29', '2019-05-28 04:32:29'),
(209, 131, 25, NULL, NULL, NULL, 1, 1, 1000, 0, 10, 100, 1100, '2019-05-28 04:32:29', '2019-05-28 04:32:29'),
(210, 131, 22, NULL, NULL, NULL, 1, 1, 1000, 0, 10, 100, 1100, '2019-05-28 04:32:29', '2019-05-28 04:32:29'),
(211, 132, 1, NULL, NULL, NULL, 1, 1, 400, 0, 10, 40, 440, '2019-06-13 04:16:37', '2019-06-13 04:16:37'),
(212, 132, 30, NULL, NULL, NULL, 1, 1, 100, 0, 0, 0, 100, '2019-06-13 04:16:37', '2019-06-13 04:16:37'),
(213, 132, 31, NULL, NULL, NULL, 1, 1, 300, 0, 0, 0, 300, '2019-06-13 04:16:37', '2019-06-13 04:16:37'),
(214, 133, 3, NULL, NULL, NULL, 2, 1, 250, 0, 0, 0, 500, '2019-06-13 04:17:51', '2019-06-13 04:17:51'),
(215, 133, 25, NULL, NULL, NULL, 1, 1, 1000, 0, 10, 100, 1100, '2019-06-13 04:17:52', '2019-06-13 04:17:52'),
(216, 133, 22, NULL, NULL, NULL, 1, 1, 1000, 0, 10, 100, 1100, '2019-06-13 04:17:52', '2019-06-13 04:17:52'),
(217, 134, 1, NULL, NULL, NULL, 1, 1, 400, 0, 10, 40, 440, '2019-10-19 09:30:28', '2019-10-19 09:30:28'),
(218, 134, 22, NULL, NULL, NULL, 1, 1, 1000, 0, 10, 100, 1100, '2019-10-19 09:30:28', '2019-10-19 09:30:28'),
(219, 134, 25, NULL, NULL, NULL, 1, 1, 1000, 0, 10, 100, 1100, '2019-10-19 09:30:28', '2019-10-19 09:30:28'),
(220, 134, 31, NULL, NULL, NULL, 1, 1, 300, 0, 0, 0, 300, '2019-10-19 09:30:28', '2019-10-19 09:30:28'),
(224, 138, 5, NULL, NULL, NULL, 1, 1, 120, 0, 0, 0, 120, '2019-10-31 06:29:37', '2019-10-31 06:29:37'),
(225, 139, 2, NULL, NULL, NULL, 2, 2, 125.22, 0, 15, 37.57, 288, '2019-11-03 05:40:44', '2019-11-03 05:40:44'),
(226, 139, 4, NULL, NULL, NULL, 100, 1, 2, 0, 0, 0, 200, '2019-11-03 05:40:44', '2019-11-03 05:40:44'),
(236, 144, 22, NULL, NULL, NULL, 1, 1, 1000, 0, 10, 100, 1100, '2019-11-09 13:41:31', '2019-11-09 13:41:31'),
(237, 144, 5, NULL, NULL, NULL, 1, 1, 120, 0, 0, 0, 120, '2019-11-09 13:41:31', '2019-11-09 13:41:31'),
(241, 147, 22, NULL, NULL, NULL, 1, 1, 1000, 0, 10, 100, 1100, '2019-11-11 04:40:08', '2019-11-11 04:40:08'),
(242, 147, 25, NULL, NULL, NULL, 1, 1, 1000, 0, 10, 100, 1100, '2019-11-11 04:40:08', '2019-11-11 04:40:08'),
(243, 147, 4, NULL, NULL, NULL, 10, 1, 2, 0, 0, 0, 20, '2019-11-11 04:40:08', '2019-11-11 04:40:08'),
(282, 172, 1, NULL, NULL, NULL, 1, 1, 400, 0, 10, 40, 440, '2019-12-03 09:46:31', '2019-12-03 09:46:31'),
(283, 173, 3, NULL, NULL, NULL, 1, 1, 225, 0, 0, 0, 225, '2019-12-04 17:19:40', '2019-12-04 17:19:40'),
(284, 173, 1, NULL, NULL, NULL, 1, 1, 360, 0, 10, 36, 396, '2019-12-04 17:19:40', '2019-12-04 17:19:40'),
(306, 187, 2, NULL, NULL, NULL, 2, 2, 125.22, 0, 15, 37.57, 288, '2019-12-22 04:40:58', '2019-12-22 04:40:58'),
(308, 190, 22, NULL, NULL, NULL, 1, 1, 1000, 0, 10, 100, 1100, '2019-12-23 06:59:46', '2019-12-23 06:59:46'),
(312, 193, 25, NULL, NULL, NULL, 1, 1, 1000, 0, 10, 100, 1100, '2020-01-01 08:20:28', '2020-01-01 08:20:28'),
(313, 194, 1, NULL, NULL, NULL, 2, 1, 400, 0, 10, 80, 880, '2020-01-02 10:39:47', '2020-01-02 10:39:47'),
(314, 194, 2, NULL, NULL, NULL, 1, 1, 10.43, 0, 15, 1.57, 12, '2020-01-02 10:39:47', '2020-01-02 10:39:47'),
(323, 201, 5, NULL, NULL, NULL, 1, 1, 120, 0, 0, 0, 120, '2020-02-03 09:52:56', '2020-02-03 09:52:56'),
(324, 202, 25, NULL, NULL, NULL, 1, 1, 1000, 0, 10, 100, 1100, '2020-02-04 16:58:53', '2020-02-04 16:58:53'),
(325, 202, 31, NULL, NULL, NULL, 1, 1, 300, 0, 0, 0, 300, '2020-02-04 16:58:53', '2020-02-04 16:58:53'),
(326, 203, 3, NULL, NULL, NULL, 1, 1, 250, 0, 0, 0, 250, '2020-03-02 05:54:14', '2020-03-02 05:54:14'),
(327, 203, 30, NULL, NULL, NULL, 1, 1, 100, 0, 0, 0, 100, '2020-03-02 05:54:14', '2020-03-02 05:54:14'),
(328, 204, 4, NULL, NULL, NULL, 20, 1, 2, 0, 0, 0, 40, '2020-03-02 05:57:41', '2020-03-02 05:57:41'),
(329, 205, 1, NULL, NULL, NULL, 1, 1, 400, 0, 10, 40, 440, '2020-03-11 10:46:42', '2020-03-11 10:46:42'),
(330, 206, 5, NULL, NULL, NULL, 1, 1, 120, 0, 0, 0, 120, '2020-03-11 10:52:30', '2020-03-11 10:54:04'),
(331, 207, 30, NULL, NULL, NULL, 2, 1, 100, 0, 0, 0, 200, '2020-04-06 13:40:24', '2020-04-06 13:41:11'),
(332, 207, 31, NULL, NULL, NULL, 1, 1, 300, 0, 0, 0, 300, '2020-04-06 13:40:24', '2020-04-06 13:41:11'),
(333, 207, 2, NULL, NULL, NULL, 1, 2, 125.22, 0, 15, 18.78, 144, '2020-04-06 13:41:11', '2020-04-06 13:41:11'),
(334, 208, 25, NULL, NULL, NULL, 1, 1, 1000, 0, 10, 100, 1100, '2020-05-06 16:59:50', '2020-05-06 16:59:50'),
(335, 208, 1, NULL, NULL, NULL, 1, 1, 400, 0, 10, 40, 440, '2020-05-06 16:59:50', '2020-05-06 16:59:50'),
(336, 209, 5, NULL, NULL, NULL, 1, 1, 120, 0, 0, 0, 120, '2020-06-09 06:42:48', '2020-06-09 06:42:48'),
(337, 209, 25, NULL, NULL, NULL, 1, 1, 1000, 0, 10, 100, 1100, '2020-06-09 06:42:48', '2020-06-09 06:42:48'),
(340, 212, 1, NULL, NULL, NULL, 1, 1, 350, 0, 10, 35, 385, '2020-07-03 12:39:14', '2020-07-03 12:39:14'),
(341, 212, 25, NULL, NULL, NULL, 1, 1, 1000, 0, 10, 100, 1100, '2020-07-03 12:39:14', '2020-07-03 12:39:14'),
(342, 212, 22, NULL, NULL, NULL, 1, 1, 1000, 0, 10, 100, 1100, '2020-07-03 12:39:14', '2020-07-03 12:39:14'),
(343, 213, 48, NULL, 2, NULL, 1, 1, 13, 0, 0, 0, 13, '2020-07-12 15:51:53', '2020-07-12 15:51:53'),
(344, 214, 3, NULL, NULL, NULL, 1, 1, 250, 0, 0, 0, 250, '2020-07-14 05:53:41', '2020-07-14 05:53:41'),
(347, 217, 1, NULL, NULL, NULL, 1, 1, 350, 0, 10, 35, 385, '2020-07-27 14:38:08', '2020-07-27 14:38:08'),
(348, 218, 1, NULL, NULL, NULL, 1, 1, 350, 0, 10, 35, 385, '2020-07-27 14:40:24', '2020-07-27 14:40:24'),
(349, 219, 1, NULL, NULL, NULL, 1, 1, 350, 0, 10, 35, 385, '2020-07-27 14:46:45', '2020-07-27 14:46:45'),
(350, 220, 31, NULL, NULL, NULL, 2, 1, 300, 0, 0, 0, 600, '2020-08-12 12:28:04', '2020-08-12 12:28:04'),
(351, 220, 33, NULL, NULL, NULL, 3, 1, 20, 0, 0, 0, 60, '2020-08-12 12:28:04', '2020-08-12 12:28:04'),
(352, 220, 30, NULL, NULL, NULL, 1, 1, 100, 0, 0, 0, 100, '2020-08-12 12:28:04', '2020-08-12 12:28:04'),
(353, 221, 25, NULL, NULL, NULL, 1, 1, 1000, 0, 10, 100, 1100, '2020-08-12 12:30:35', '2020-08-12 12:30:35'),
(354, 222, 61, NULL, NULL, NULL, 2, 1, 10000, 0, 15, 3000, 23000, '2020-08-16 16:04:24', '2020-08-16 16:04:24'),
(355, 223, 1, NULL, NULL, NULL, 1, 1, 400, 0, 10, 40, 440, '2020-08-16 16:05:23', '2020-08-16 16:05:23'),
(356, 224, 1, NULL, NULL, NULL, 3, 1, 390, 30, 10, 117, 1287, '2020-08-26 14:01:39', '2020-08-26 14:01:39'),
(362, 230, 3, NULL, NULL, NULL, 1, 1, 250, 0, 0, 0, 250, '2020-10-17 15:28:52', '2020-10-17 15:28:52'),
(363, 231, 1, NULL, NULL, NULL, 1, 1, 400, 0, 10, 40, 440, '2020-10-18 05:13:33', '2020-10-18 05:13:33'),
(364, 232, 30, NULL, NULL, NULL, 1, 1, 100, 0, 0, 0, 100, '2020-10-22 07:30:14', '2020-10-22 07:30:14'),
(365, 233, 3, NULL, NULL, NULL, 1, 1, 250, 0, 0, 0, 250, '2020-10-22 07:56:04', '2020-10-22 07:56:04'),
(366, 234, 61, NULL, NULL, NULL, 1, 1, 10000, 0, 15, 1500, 11500, '2020-10-24 01:05:06', '2020-10-24 01:05:06'),
(367, 235, 3, NULL, NULL, NULL, 1, 1, 250, 0, 0, 0, 250, '2020-10-24 01:07:52', '2020-10-24 01:07:52'),
(369, 237, 25, NULL, NULL, NULL, 2, 1, 1000, 0, 10, 200, 2200, '2020-10-24 09:46:01', '2020-10-24 09:46:01'),
(370, 237, 22, NULL, NULL, NULL, 2, 1, 1000, 0, 10, 200, 2200, '2020-10-24 09:46:01', '2020-10-24 09:46:01'),
(371, 237, 61, NULL, NULL, NULL, 5, 1, 10000, 0, 15, 7500, 57500, '2020-10-24 09:46:01', '2020-10-24 09:46:01'),
(373, 239, 60, NULL, 9, NULL, 1, 1, 2, 0, 0, 0, 2, '2020-10-26 23:40:02', '2020-10-26 23:40:02'),
(374, 240, 60, NULL, 9, NULL, 2, 1, 3, 0, 0, 0, 6, '2020-10-26 23:42:06', '2020-10-26 23:42:06'),
(375, 241, 3, NULL, NULL, NULL, 1, 1, 250, 0, 0, 0, 250, '2020-10-27 00:32:00', '2020-10-27 00:32:00'),
(376, 242, 3, NULL, NULL, NULL, 1, 1, 250, 0, 0, 0, 250, '2020-10-29 01:30:30', '2020-10-29 01:30:30'),
(377, 243, 3, NULL, NULL, NULL, 1, 1, 250, 0, 0, 0, 250, '2020-11-01 01:21:12', '2020-11-01 01:21:12'),
(380, 245, 1, NULL, NULL, NULL, 2, 1, 400, 0, 10, 80, 880, '2020-11-01 01:42:23', '2020-11-01 01:42:23'),
(381, 245, 3, NULL, NULL, NULL, 1, 1, 250, 0, 0, 0, 250, '2020-11-01 01:42:23', '2020-11-01 01:42:23'),
(382, 246, 1, NULL, NULL, NULL, 1, 1, 400, 0, 10, 40, 440, '2020-11-01 01:50:18', '2020-11-02 10:39:17'),
(386, 250, 1, NULL, NULL, NULL, 1, 1, 344, 0, 10, 34.4, 378.4, '2020-11-06 07:30:41', '2020-11-06 07:30:41'),
(387, 251, 1, NULL, NULL, NULL, 1, 1, 344, 0, 10, 34.4, 378.4, '2020-11-09 07:15:24', '2020-11-09 07:15:24'),
(388, 251, 3, NULL, NULL, NULL, 1, 1, 232.2, 0, 0, 0, 232.2, '2020-11-09 07:15:24', '2020-11-09 07:15:24'),
(389, 252, 3, NULL, NULL, NULL, 1, 1, 229.5, 0, 0, 0, 229.5, '2020-11-10 23:58:58', '2020-11-10 23:58:58'),
(390, 253, 3, NULL, NULL, NULL, 1, 1, 212.5, 0, 0, 0, 212.5, '2020-11-14 00:47:36', '2020-11-14 00:47:36'),
(391, 253, 31, NULL, NULL, NULL, 1, 1, 255, 0, 0, 0, 255, '2020-11-14 00:47:36', '2020-11-14 00:47:36'),
(392, 253, 61, NULL, NULL, NULL, 1, 1, 8500, 0, 15, 1275, 9775, '2020-11-14 00:47:36', '2020-11-14 00:47:36'),
(395, 256, 1, NULL, NULL, NULL, 1, 1, 400, 0, 10, 40, 440, '2020-11-17 00:47:48', '2020-11-17 00:47:48'),
(396, 256, 3, NULL, NULL, NULL, 1, 1, 250, 0, 10, 25, 275, '2020-11-17 00:47:48', '2020-11-17 00:47:48'),
(397, 257, 3, NULL, NULL, NULL, 1, 1, 250, 0, 0, 0, 250, '2020-11-17 01:09:19', '2020-11-17 01:09:19'),
(398, 258, 61, NULL, NULL, NULL, 3, 1, 10000, 0, 15, 4500, 34500, '2020-11-18 00:52:39', '2020-11-18 00:52:39'),
(402, 262, 61, NULL, NULL, NULL, 2, 1, 10000, 0, 15, 3000, 23000, '2020-11-28 23:21:30', '2020-11-28 23:21:30'),
(403, 263, 1, NULL, NULL, NULL, 1, 1, 400, 0, 10, 40, 440, '2020-12-08 03:39:57', '2020-12-08 03:39:57'),
(416, 270, 2, NULL, NULL, NULL, 1, 3, 250.43, 0, 15, 37.57, 288, '2021-01-11 07:45:35', '2021-01-11 07:58:44'),
(419, 270, 22, NULL, NULL, NULL, 1, 1, 1000, 0, 10, 100, 1100, '2021-01-11 07:54:04', '2021-01-11 07:58:44'),
(420, 271, 2, NULL, NULL, NULL, 1, 2, 125.22, 0, 15, 18.78, 144, '2021-01-11 08:16:25', '2021-01-11 08:16:25'),
(421, 271, 3, NULL, NULL, NULL, 1, 1, 250, 0, 0, 0, 250, '2021-01-11 08:16:25', '2021-01-11 08:16:25'),
(422, 271, 1, NULL, NULL, NULL, 2, 1, 400, 0, 10, 80, 880, '2021-01-11 08:16:25', '2021-01-11 08:16:25'),
(429, 274, 2, NULL, NULL, NULL, 10, 1, 10.43, 0, 15, 15.65, 120, '2021-01-13 01:02:43', '2021-01-13 01:02:43'),
(430, 274, 30, NULL, NULL, NULL, 1, 1, 100, 0, 0, 0, 100, '2021-01-13 01:02:43', '2021-01-13 01:02:43'),
(431, 274, 3, NULL, NULL, NULL, 2, 1, 250, 0, 0, 0, 500, '2021-01-13 01:02:43', '2021-01-13 01:02:43'),
(432, 274, 1, NULL, NULL, NULL, 2, 1, 380, 40, 10, 76, 836, '2021-01-13 01:02:43', '2021-01-13 01:02:43'),
(433, 275, 1, NULL, NULL, NULL, 1, 1, 400, 0, 10, 40, 440, '2021-02-01 08:37:48', '2021-02-01 08:37:48'),
(437, 277, 32, NULL, NULL, NULL, 1, 1, 10, 0, 0, 0, 10, '2021-02-16 01:09:48', '2021-02-16 01:09:48'),
(438, 277, 48, NULL, 5, NULL, 1, 1, 53, 0, 0, 0, 53, '2021-02-16 01:09:48', '2021-02-16 01:09:48'),
(439, 277, 48, NULL, 2, NULL, 1, 1, 13, 0, 0, 0, 13, '2021-02-16 01:09:48', '2021-02-16 01:09:48'),
(440, 277, 48, NULL, 3, NULL, 1, 1, 3, 0, 0, 0, 3, '2021-02-16 01:09:48', '2021-02-16 01:09:48'),
(441, 277, 61, NULL, NULL, NULL, 1, 1, 10000, 0, 15, 1500, 11500, '2021-02-16 01:09:48', '2021-02-16 01:09:48'),
(442, 277, 31, NULL, NULL, NULL, 1, 1, 300, 0, 0, 0, 300, '2021-02-16 01:09:48', '2021-02-16 01:09:48'),
(443, 277, 30, NULL, NULL, NULL, 1, 1, 100, 0, 0, 0, 100, '2021-02-16 01:09:48', '2021-02-16 01:09:48'),
(444, 277, 25, NULL, NULL, NULL, 1, 1, 1000, 0, 10, 100, 1100, '2021-02-16 01:09:48', '2021-02-16 01:09:48'),
(445, 277, 22, NULL, NULL, NULL, 1, 1, 1000, 0, 10, 100, 1100, '2021-02-16 01:09:48', '2021-02-16 01:09:48'),
(446, 277, 13, NULL, NULL, NULL, 1, 0, 21, 0, 0, 0, 21, '2021-02-16 01:09:48', '2021-02-16 01:09:48'),
(447, 277, 5, NULL, NULL, NULL, 1, 1, 120, 0, 0, 0, 120, '2021-02-16 01:09:48', '2021-02-16 01:09:48'),
(448, 277, 4, NULL, NULL, NULL, 1, 1, 2, 0, 0, 0, 2, '2021-02-16 01:09:48', '2021-02-16 01:09:48'),
(449, 277, 3, NULL, NULL, NULL, 1, 1, 250, 0, 0, 0, 250, '2021-02-16 01:09:48', '2021-02-16 01:09:48'),
(450, 277, 2, NULL, NULL, NULL, 1, 2, 125.22, 0, 15, 18.78, 144, '2021-02-16 01:09:48', '2021-02-16 01:09:48'),
(451, 277, 1, NULL, NULL, NULL, 1, 1, 400, 0, 10, 40, 440, '2021-02-16 01:09:48', '2021-02-16 01:09:48'),
(452, 278, 1, NULL, NULL, NULL, 1, 1, 400, 0, 10, 40, 440, '2021-02-17 01:32:38', '2021-02-17 01:32:38'),
(453, 278, 61, NULL, NULL, NULL, 2, 1, 10000, 0, 15, 3000, 23000, '2021-02-17 01:32:38', '2021-02-17 01:32:38'),
(454, 278, 22, NULL, NULL, NULL, 1, 1, 1000, 0, 10, 100, 1100, '2021-02-17 01:32:38', '2021-02-17 01:32:38'),
(455, 278, 3, NULL, NULL, NULL, 1, 1, 250, 0, 0, 0, 250, '2021-02-17 01:32:38', '2021-02-17 01:32:38'),
(456, 278, 5, NULL, NULL, NULL, 1, 1, 120, 0, 0, 0, 120, '2021-02-17 01:32:38', '2021-02-17 01:32:38'),
(457, 279, 71, 1, NULL, NULL, 2, 1, 2, 0, 0, 0, 4, '2021-03-11 07:40:34', '2021-03-11 07:40:34'),
(458, 280, 71, 2, NULL, NULL, 1, 1, 2, 0, 0, 0, 2, '2021-03-16 22:14:11', '2021-03-16 22:14:11'),
(459, 282, 71, 1, NULL, NULL, 1, 1, 2, 0, 0, 0, 2, '2021-03-17 23:47:29', '2021-03-20 04:59:57'),
(468, 288, 5, NULL, NULL, NULL, 1, 1, 120, 0, 0, 0, 120, '2021-04-12 07:40:46', '2021-04-12 07:40:46'),
(473, 290, 5, NULL, NULL, NULL, 1, 1, 120, 0, 0, 0, 120, '2021-05-24 13:45:58', '2021-05-24 13:45:58'),
(478, 294, 1, NULL, NULL, NULL, 1, 1, 400, 0, 10, 40, 440, '2021-06-01 06:35:30', '2021-06-01 06:35:30'),
(479, 295, 71, 3, NULL, NULL, 1, 1, 2, 0, 0, 0, 2, '2021-06-01 09:22:09', '2021-06-01 09:22:09'),
(480, 296, 71, 1, NULL, NULL, 1, 1, 2, 0, 0, 0, 2, '2021-06-01 09:46:24', '2021-06-01 09:46:24'),
(481, 297, 3, NULL, NULL, NULL, 1, 1, 250, 0, 0, 0, 250, '2021-06-01 13:41:50', '2021-06-01 13:41:50'),
(482, 298, 71, 3, NULL, NULL, 1, 1, 2, 0, 0, 0, 2, '2021-06-01 13:55:47', '2021-06-01 13:55:47'),
(483, 299, 22, NULL, NULL, NULL, 1, 1, 1000, 0, 10, 100, 1100, '2021-06-16 04:53:25', '2021-06-16 04:53:25'),
(484, 300, 1, NULL, NULL, NULL, 1, 1, 400, 0, 10, 40, 440, '2021-06-16 05:10:33', '2021-06-16 05:10:33'),
(485, 301, 22, NULL, NULL, NULL, 1, 1, 1000, 0, 10, 100, 1100, '2021-06-16 05:11:11', '2021-06-16 05:11:11'),
(486, 301, 25, NULL, NULL, NULL, 1, 1, 1000, 0, 10, 100, 1100, '2021-06-16 05:11:11', '2021-06-16 05:11:11'),
(487, 302, 1, NULL, NULL, NULL, 1, 1, 400, 0, 10, 40, 440, '2021-06-16 14:04:52', '2021-06-16 14:04:52'),
(488, 303, 1, NULL, NULL, NULL, 1, 1, 400, 0, 10, 40, 440, '2021-06-16 14:05:43', '2021-06-16 14:05:43'),
(489, 304, 1, NULL, NULL, NULL, 1, 1, 400, 0, 10, 40, 440, '2021-06-16 14:06:34', '2021-06-16 14:06:34'),
(490, 305, 1, NULL, NULL, NULL, 1, 1, 400, 0, 10, 40, 440, '2021-06-16 14:28:42', '2021-06-16 14:28:42'),
(491, 306, 22, NULL, NULL, NULL, 1, 1, 1000, 0, 10, 100, 1100, '2021-06-17 05:55:53', '2021-06-17 05:55:53'),
(492, 307, 22, NULL, NULL, NULL, 2, 1, 1000, 0, 10, 200, 2200, '2021-06-17 06:23:49', '2021-06-17 08:59:33'),
(493, 308, 2, NULL, NULL, NULL, 2, 2, 125.22, 0, 15, 37.57, 288, '2021-06-18 14:31:27', '2021-06-18 14:31:27'),
(494, 308, 1, NULL, NULL, NULL, 3, 1, 400, 0, 10, 120, 1320, '2021-06-18 14:31:27', '2021-06-18 14:31:27'),
(495, 309, 71, 2, NULL, NULL, 1, 1, 2, 0, 0, 0, 2, '2021-06-18 14:32:54', '2021-06-18 14:32:54'),
(496, 310, 71, NULL, NULL, NULL, 1, 1, 2, 0, 0, 0, 2, '2021-06-19 04:51:21', '2021-06-19 04:51:21'),
(497, 310, 5, NULL, NULL, NULL, 1, 1, 120, 0, 0, 0, 120, '2021-06-19 04:51:21', '2021-06-19 04:51:21'),
(498, 310, 4, NULL, NULL, NULL, 1, 1, 2, 0, 0, 0, 2, '2021-06-19 04:51:21', '2021-06-19 04:51:21'),
(499, 310, 3, NULL, NULL, NULL, 1, 1, 250, 0, 0, 0, 250, '2021-06-19 04:51:21', '2021-06-19 04:51:21'),
(500, 310, 2, NULL, NULL, NULL, 1, 2, 125.22, 0, 15, 18.78, 144, '2021-06-19 04:51:21', '2021-06-19 04:51:21'),
(501, 310, 1, NULL, NULL, NULL, 1, 1, 400, 0, 10, 40, 440, '2021-06-19 04:51:21', '2021-06-19 04:51:21'),
(502, 311, 1, NULL, NULL, NULL, 1, 1, 400, 0, 10, 40, 440, '2021-06-19 04:53:44', '2021-06-19 04:53:44'),
(503, 312, 1, NULL, NULL, NULL, 1, 1, 400, 0, 10, 40, 440, '2021-06-19 05:02:31', '2021-06-19 05:02:31'),
(504, 313, 3, NULL, NULL, NULL, 1, 1, 250, 0, 0, 0, 250, '2021-06-19 05:06:28', '2021-06-19 05:06:28'),
(505, 314, 22, NULL, NULL, NULL, 1, 1, 1000, 0, 10, 100, 1100, '2021-06-27 06:42:47', '2021-06-27 06:42:47'),
(508, 317, 74, NULL, NULL, NULL, 1, 0, 18, 0, 0, 0, 18, '2021-07-07 04:34:55', '2021-07-07 04:34:55'),
(536, 325, 26, NULL, NULL, NULL, 2, 0, 1200, 0, 0, 0, 2400, '2021-08-14 15:28:05', '2021-08-14 15:34:27'),
(547, 333, 71, NULL, NULL, NULL, 1, 1, 2, 0, 0, 0, 2, '2021-09-21 07:07:22', '2021-09-21 07:07:22'),
(548, 334, 5, NULL, NULL, NULL, 1, 1, 120, 0, 0, 0, 120, '2021-09-21 09:50:20', '2021-09-21 09:50:20'),
(549, 335, 10, NULL, NULL, NULL, 0.5, 7, 22, 0, 0, 0, 11, '2021-09-23 08:47:04', '2021-09-23 08:47:04'),
(550, 336, 5, NULL, NULL, NULL, 1, 1, 120, 0, 0, 0, 120, '2021-10-03 11:18:29', '2021-10-03 11:18:29'),
(551, 336, 22, NULL, NULL, '1103', 1, 1, 1000, 0, 10, 100, 1100, '2021-10-03 11:18:29', '2021-10-03 11:18:29'),
(553, 338, 22, NULL, NULL, '11103', 1, 1, 1000, 0, 10, 100, 1100, '2021-10-03 11:44:04', '2021-10-03 11:44:04'),
(555, 340, 22, NULL, NULL, '11104', 1, 1, 1000, 0, 10, 100, 1100, '2021-10-07 08:52:29', '2021-10-07 08:52:29'),
(556, 341, 22, NULL, NULL, '91101', 1, 1, 1000, 0, 10, 100, 1100, '2021-10-07 09:38:40', '2021-10-07 09:38:40'),
(557, 342, 25, NULL, NULL, '99901,99902', 2, 1, 1000, 0, 10, 200, 2200, '2021-10-09 06:12:42', '2021-10-09 10:22:39'),
(558, 342, 5, NULL, NULL, NULL, 1, 1, 120, 0, 0, 0, 120, '2021-10-09 10:22:39', '2021-10-09 10:22:39'),
(559, 343, 22, NULL, NULL, '1105,91102', 2, 1, 1000, 0, 10, 200, 2200, '2021-10-09 10:32:32', '2021-10-09 10:32:32'),
(564, 348, 22, NULL, NULL, '11101', 1, 1, 1000, 0, 10, 100, 1100, '2021-10-14 09:58:20', '2021-10-14 09:58:20'),
(565, 349, 5, NULL, NULL, NULL, 1, 1, 102, 0, 0, 0, 102, '2021-10-20 07:12:09', '2021-10-20 07:12:09'),
(568, 353, 1, NULL, NULL, NULL, 1, 1, 340, 0, 10, 34, 374, '2021-11-14 07:39:29', '2021-11-14 07:39:29'),
(569, 354, 22, NULL, NULL, NULL, 1, 1, 1000, 0, 10, 100, 1100, '2021-11-15 06:03:09', '2021-11-15 06:03:09'),
(570, 354, 71, 1, NULL, NULL, 1, 1, 2, 0, 0, 0, 2, '2021-11-15 06:03:09', '2021-11-15 06:03:09'),
(571, 354, 1, NULL, NULL, NULL, 1, 1, 400, 0, 10, 40, 440, '2021-11-15 06:03:09', '2021-11-15 06:03:09'),
(572, 355, 25, NULL, NULL, NULL, 1, 1, 1000, 0, 10, 100, 1100, '2021-11-24 12:28:58', '2021-11-24 12:28:58'),
(573, 355, 22, NULL, NULL, NULL, 1, 1, 1000, 0, 10, 100, 1100, '2021-11-24 12:28:58', '2021-11-24 12:28:58'),
(574, 355, 13, NULL, NULL, NULL, 1, 0, 21, 0, 0, 0, 21, '2021-11-24 12:28:58', '2021-11-24 12:28:58'),
(575, 355, 3, NULL, NULL, NULL, 2, 1, 250, 0, 0, 0, 500, '2021-11-24 12:28:58', '2021-11-24 12:28:58'),
(576, 355, 1, NULL, NULL, NULL, 1, 1, 400, 0, 10, 40, 440, '2021-11-24 12:28:58', '2021-11-24 12:28:58'),
(577, 356, 48, NULL, 2, NULL, 1, 1, 13, 0, 0, 0, 13, '2021-12-07 13:09:32', '2021-12-07 13:09:32'),
(578, 356, 5, NULL, NULL, NULL, 1, 1, 120, 0, 0, 0, 120, '2021-12-07 13:09:32', '2021-12-07 13:09:32'),
(579, 356, 1, NULL, NULL, NULL, 1, 1, 400, 0, 10, 40, 440, '2021-12-07 13:09:32', '2021-12-07 13:09:32');
SET IDENTITY_INSERT [ProductSale] OFF;

-- Seed ProductTransfer
SET IDENTITY_INSERT [ProductTransfer] ON;
INSERT INTO [ProductTransfer] ([Id], [TransferId], [ProductId], [ProductBatchId], [VariantId], [ImeiNumber], [Qty], [PurchaseUnitId], [NetUnitCost], [TaxRate], [Tax], [Total], [CreatedDate], [ModifiedDate]) VALUES
(1, 1, 4, NULL, NULL, NULL, 100, 1, 1, 0, 0, 100, '2018-08-08 11:17:10', '2018-12-24 22:16:55'),
(7, 6, 48, NULL, 3, NULL, 1, 1, 2, 0, 0, 2, '2019-12-05 13:55:04', '2019-12-05 14:09:42'),
(11, 8, 5, NULL, NULL, NULL, 10, 1, 100, 0, 0, 1000, '2020-01-22 06:30:59', '2020-01-22 06:30:59'),
(13, 10, 1, NULL, NULL, NULL, 1, 1, 320, 10, 32, 352, '2020-10-08 07:27:35', '2020-10-08 07:29:35'),
(14, 11, 62, NULL, 12, NULL, 1, 1, 1, 0, 0, 1, '2020-10-18 12:17:08', '2020-10-18 12:17:08'),
(15, 12, 61, NULL, NULL, NULL, 10, 1, 3000, 15, 4500, 34500, '2020-10-24 03:01:46', '2020-10-24 03:01:46');
SET IDENTITY_INSERT [ProductTransfer] OFF;

-- Seed ProductVariant
SET IDENTITY_INSERT [ProductVariant] ON;
INSERT INTO [ProductVariant] ([Id], [ProductId], [VariantId], [Position], [ItemCode], [AdditionalPrice], [Qty], [CreatedDate], [ModifiedDate]) VALUES
(3, 48, 3, 1, 'S-93475396', NULL, 12, '2019-11-21 07:03:04', '2021-07-15 12:25:45'),
(5, 48, 5, 3, 'L-93475396', 50, 11, '2019-11-24 06:07:20', '2021-12-07 13:01:11'),
(6, 48, 2, 2, 'M-93475396', 10, 12, '2019-11-24 07:17:07', '2021-12-07 13:09:32'),
(10, 60, 9, 1, 'a-32081679', NULL, 1, '2020-05-18 16:44:14', '2020-10-26 23:42:06'),
(11, 60, 11, 2, 'b-32081679', NULL, 0, '2020-05-18 16:58:31', '2020-05-18 16:58:31'),
(12, 62, 12, 1, 'variant 1-81145830', NULL, 3, '2020-09-27 06:08:27', '2021-02-11 01:28:16'),
(13, 62, 13, 2, 'variant 2-81145830', NULL, 0, '2020-09-27 06:08:27', '2020-09-27 06:08:27');
SET IDENTITY_INSERT [ProductVariant] OFF;

-- Seed ProductWarehouse
SET IDENTITY_INSERT [ProductWarehouse] ON;
INSERT INTO [ProductWarehouse] ([Id], [ProductId], [ProductBatchId], [VariantId], [ImeiNumber], [WarehouseId], [Qty], [Price], [CreatedDate], [ModifiedDate]) VALUES
(10, '1', NULL, NULL, NULL, 1, 133.5, NULL, '2018-08-08 08:30:12', '2021-11-29 07:29:18'),
(11, '2', NULL, NULL, NULL, 1, 1368, NULL, '2018-08-08 08:30:12', '2021-01-12 07:12:14'),
(12, '3', NULL, NULL, NULL, 1, 102, NULL, '2018-08-08 08:30:13', '2021-11-29 07:29:18'),
(13, '5', NULL, NULL, NULL, 1, 79, NULL, '2018-08-08 08:30:13', '2021-12-07 13:01:11'),
(14, '4', NULL, NULL, NULL, 1, 171, NULL, '2018-08-08 09:16:09', '2020-03-02 05:56:03'),
(15, '4', NULL, NULL, NULL, 2, 119, NULL, '2018-08-08 11:16:15', '2021-07-15 12:25:45'),
(16, '2', NULL, NULL, NULL, 2, 1789, NULL, '2018-08-08 11:26:49', '2021-07-15 12:25:45'),
(17, '1', NULL, NULL, NULL, 2, 43.5, NULL, '2018-08-08 11:33:33', '2021-12-07 13:41:55'),
(18, '3', NULL, NULL, NULL, 2, 47, NULL, '2018-08-08 23:47:23', '2021-12-07 13:14:25'),
(19, '5', NULL, NULL, NULL, 2, 54, NULL, '2018-08-08 23:48:36', '2021-12-07 13:09:32'),
(20, '10', NULL, NULL, NULL, 1, 50, NULL, '2018-08-08 23:49:29', '2019-12-04 05:49:14'),
(21, '10', NULL, NULL, NULL, 2, 60.5, NULL, '2018-08-08 23:49:55', '2021-09-23 08:47:04'),
(22, '22', NULL, NULL, '7001,11101,11102,11103,', 1, 29, NULL, '2018-09-03 04:06:09', '2021-12-07 13:01:11'),
(23, '22', NULL, NULL, '', 2, 13, NULL, '2018-09-03 04:07:14', '2021-11-29 07:22:53'),
(24, '24', NULL, NULL, NULL, 2, 0, NULL, '2018-09-15 21:49:30', '2018-09-15 21:50:49'),
(25, '25', NULL, NULL, NULL, 1, 14, NULL, '2018-10-23 01:14:21', '2019-03-02 10:06:10'),
(26, '25', NULL, NULL, '', 2, 5, NULL, '2018-10-23 01:14:41', '2021-12-07 13:14:26'),
(27, '31', NULL, NULL, NULL, 1, 14, NULL, '2018-12-04 23:34:30', '2021-01-10 01:04:28'),
(28, '30', NULL, NULL, NULL, 1, 14, NULL, '2018-12-04 23:34:30', '2020-10-22 07:30:14'),
(29, '31', NULL, NULL, NULL, 2, 11, NULL, '2018-12-04 23:35:08', '2021-07-15 12:25:45'),
(30, '30', NULL, NULL, NULL, 2, 10, NULL, '2018-12-04 23:35:08', '2021-07-15 12:25:45'),
(31, '32', NULL, NULL, NULL, 1, 10, NULL, '2018-12-18 23:57:16', '2019-02-09 04:45:23'),
(32, '32', NULL, NULL, NULL, 2, 19, NULL, '2018-12-18 23:57:41', '2021-07-15 12:25:45'),
(33, '33', NULL, NULL, NULL, 1, 16, NULL, '2018-12-24 00:38:40', '2019-03-03 04:39:17'),
(34, '33', NULL, NULL, NULL, 2, 22, NULL, '2019-02-09 04:21:38', '2021-07-15 12:25:45'),
(35, '48', NULL, 3, NULL, 1, 2, NULL, '2019-11-25 14:23:02', '2021-02-11 01:26:56'),
(36, '48', NULL, 2, NULL, 1, 4, NULL, '2019-11-26 06:47:42', '2021-10-03 07:06:21'),
(37, '48', NULL, 3, NULL, 2, 9, NULL, '2019-11-26 08:12:08', '2021-07-15 12:25:45'),
(38, '48', NULL, 2, NULL, 2, 8, NULL, '2019-11-26 08:12:08', '2021-12-07 13:09:32'),
(39, '48', NULL, 5, NULL, 1, 2, NULL, '2019-12-21 10:18:51', '2021-12-07 13:01:11'),
(40, '48', NULL, 5, NULL, 2, 9, NULL, '2019-12-22 08:36:39', '2021-07-15 12:25:45'),
(45, '61', NULL, NULL, NULL, 2, 8, NULL, '2020-08-16 16:02:07', '2021-07-15 12:25:45'),
(46, '62', NULL, 12, NULL, 1, 2, NULL, '2020-09-27 06:55:33', '2020-11-16 09:01:45'),
(47, '62', NULL, 12, NULL, 2, 1, NULL, '2020-10-18 12:17:08', '2021-02-11 01:28:16'),
(48, '61', NULL, NULL, NULL, 1, 8, NULL, '2020-10-24 03:01:46', '2020-11-28 23:21:30'),
(49, '60', NULL, 9, NULL, 1, 1, NULL, '2020-10-26 10:34:05', '2020-10-26 23:42:06'),
(51, '71', 1, NULL, NULL, 1, 19, NULL, '2021-03-07 08:14:05', '2021-06-19 04:48:22'),
(52, '71', 1, NULL, NULL, 2, 4, NULL, '2021-03-07 08:21:16', '2021-12-07 13:41:55'),
(53, '71', 2, NULL, NULL, 1, 3, NULL, '2021-03-07 08:55:06', '2021-06-18 14:32:54'),
(54, '71', 3, NULL, NULL, 1, 2, NULL, '2021-03-09 09:42:13', '2021-09-21 09:49:37'),
(55, '71', 2, NULL, NULL, 2, 0, NULL, '2021-05-23 07:09:03', '2021-05-26 07:38:06'),
(56, '72', NULL, NULL, NULL, 1, 5, NULL, '2021-07-06 07:10:42', '2021-07-06 07:10:42'),
(57, '72', NULL, NULL, NULL, 2, 4, NULL, '2021-07-06 07:11:07', '2021-07-15 12:25:45'),
(58, '22', 4, NULL, NULL, 1, 1, NULL, '2021-10-20 07:47:09', '2021-10-20 07:47:09');
SET IDENTITY_INSERT [ProductWarehouse] OFF;

-- Seed Purchase
SET IDENTITY_INSERT [Purchase] ON;
INSERT INTO [Purchase] ([Id], [ReferenceNo], [UserId], [WarehouseId], [SupplierId], [Item], [TotalQty], [TotalDiscount], [TotalTax], [TotalCost], [OrderTaxRate], [OrderTax], [OrderDiscount], [ShippingCost], [GrandTotal], [PaidAmount], [Status], [PaymentStatus], [Document], [Note], [CreatedDate], [ModifiedDate]) VALUES
(12, 'pr-20180808-051614', 1, 2, 3, 2, 300, 0, 0, 10200, 0, 0, 0, 0, 10200, 0, 1, 1, NULL, NULL, '2018-08-08 11:16:14', '2018-09-22 02:53:24'),
(13, 'pr-20180809-054723', 1, 2, 3, 4, 410, 0, 7304.35, 92600, 10, 9260, 0, 500, 102360, 300, 1, 1, NULL, NULL, '2018-08-08 23:47:23', '2018-08-30 03:07:18'),
(14, 'pr-20180809-012348', 1, 1, 1, 5, 400, 0, 4452.17, 75300, 10, 7480, 500, 1000, 83280, 0, 1, 1, NULL, NULL, '2018-08-09 07:23:48', '2018-08-09 07:23:48'),
(15, 'pr-20180903-100609', 1, 1, 1, 1, 20, 0, 1600, 17600, 0, 0, 0, 100, 17700, 0, 1, 1, NULL, NULL, '2018-09-03 04:06:09', '2018-10-07 22:11:24'),
(16, 'pr-20180903-100714', 1, 2, 3, 1, 20, 0, 1600, 17600, 0, 0, 0, 150, 17750, 3350, 1, 1, NULL, NULL, '2018-09-03 04:07:14', '2018-10-07 00:57:36'),
(18, 'pr-20181022-042625', 1, 1, 1, 1, 50, 0, 0, 50, 0, 0, NULL, NULL, 50, 0, 1, 1, NULL, NULL, '2018-10-22 10:26:25', '2018-10-22 10:26:25'),
(19, 'pr-20181022-042652', 1, 2, 3, 1, 50, 0, 0, 50, 0, 0, NULL, NULL, 50, 0, 1, 1, NULL, NULL, '2018-10-22 10:26:52', '2018-10-22 10:26:52'),
(20, 'pr-20181023-071420', 11, 1, 1, 1, 15, 0, 750, 8250, 0, 0, NULL, NULL, 8250, 0, 1, 1, NULL, NULL, '2018-10-23 01:14:20', '2018-10-23 01:14:20'),
(21, 'pr-20181023-071441', 11, 2, 3, 1, 15, 0, 750, 8250, 0, 0, 0, 0, 8250, 0, 1, 1, NULL, NULL, '2018-10-23 01:14:41', '2018-10-23 01:14:58'),
(22, 'pr-20181101-045903', 1, 1, 1, 1, 5, 0, 400, 4400, 0, 0, NULL, NULL, 4400, 0, 1, 1, NULL, NULL, '2018-10-31 22:59:03', '2018-10-31 22:59:03'),
(23, 'pr-20181101-045928', 1, 2, 3, 1, 5, 0, 400, 4400, 10, 430, 100, 0, 4730, 500, 1, 1, NULL, NULL, '2018-10-31 22:59:28', '2018-12-04 01:01:34'),
(24, 'pr-20181105-091819', 1, 2, 1, 2, 20, 0, 1450, 15950, 0, 0, NULL, NULL, 15950, 15950, 1, 2, NULL, NULL, '2018-11-05 03:18:19', '2018-11-05 03:21:27'),
(25, 'pr-20181205-053429', 1, 1, 1, 2, 30, 0, 0, 4500, 0, 0, 100, 50, 4450, 4450, 1, 2, NULL, NULL, '2018-12-04 23:34:29', '2018-12-04 23:34:43'),
(26, 'pr-20181205-053508', 1, 2, 3, 2, 30, 0, 0, 4500, 0, 0, NULL, NULL, 4500, 0, 1, 1, NULL, NULL, '2018-12-04 23:35:08', '2018-12-10 00:20:52'),
(27, 'pr-20181219-055716', 1, 2, NULL, 1, 10, 0, 0, 10, 0, 0, 0, 0, 10, 10, 1, 2, NULL, NULL, '2018-12-18 23:57:16', '2018-12-20 00:34:39'),
(33, 'pr-20181224-063840', 1, 1, NULL, 1, 10, 0, 0, 10, 0, 0, 0, 0, 10, 0, 1, 1, NULL, NULL, '2018-12-24 00:38:40', '2018-12-24 03:04:21'),
(34, 'pr-20190103-070123', 1, 1, 1, 2, 4, 0, 260, 2860, 0, 0, NULL, NULL, 2860, 2860, 1, 2, NULL, NULL, '2019-01-03 01:01:23', '2019-01-29 04:03:24'),
(35, 'pr-20190129-095448', 9, 1, 1, 2, 4, 0, 0, 600, 0, 0, NULL, NULL, 600, 100, 1, 1, NULL, NULL, '2019-01-29 03:54:48', '2019-02-07 07:06:40'),
(36, 'pr-20190129-095558', 9, 2, 1, 2, 5, 0, 0, 650, 0, 0, NULL, NULL, 650, 650, 1, 2, NULL, NULL, '2019-01-29 03:55:58', '2019-01-29 04:03:02'),
(37, 'pr-20190209-102138', 1, 2, 1, 3, 18, 0, 580, 6390, 0, 0, 0, 0, 6390, 6390, 1, 2, NULL, NULL, '2019-02-09 04:21:38', '2019-06-13 04:13:51'),
(38, 'pr-20190209-102208', 1, 1, 1, 2, 13, 0, 150, 1660, 0, 0, 0, 0, 1660, 1660, 1, 2, NULL, NULL, '2019-02-09 04:22:08', '2019-02-09 04:49:40'),
(39, 'pr-20190209-104413', 1, 1, 1, 2, 3, 10, 63, 885, 10, 88.5, NULL, NULL, 973.5, 973.5, 1, 2, NULL, NULL, '2019-02-09 04:44:13', '2019-02-09 04:49:59'),
(40, 'pr-20190303-103917', 1, 1, 1, 1, 10, 0, 0, 100, 0, 0, NULL, NULL, 100, 100, 1, 2, NULL, NULL, '2019-03-03 04:39:17', '2019-03-03 04:40:46'),
(41, 'pr-20190303-104358', 1, 2, NULL, 2, 15, 0, 320, 3570, 0, 0, NULL, NULL, 3570, 1000, 1, 1, NULL, NULL, '2019-03-03 04:43:58', '2019-04-13 11:02:41'),
(42, 'pr-20190404-095757', 1, 1, 3, 2, 2, 0, 0, 300, 0, 0, 0, 0, 300, 300, 1, 2, NULL, NULL, '2019-04-04 03:57:57', '2019-04-13 13:50:08'),
(43, 'pr-20190613-101600', 1, 2, 1, 2, 6, 0, 390, 4290, 0, 0, NULL, NULL, 4290, 4290, 1, 2, NULL, NULL, '2019-06-13 04:16:00', '2019-10-19 09:29:25'),
(44, 'pr-20191019-033119', 1, 2, 3, 2, 2, 0, 130, 1430, 0, 0, NULL, NULL, 1430, 0, 1, 1, NULL, NULL, '2019-10-19 09:31:19', '2019-10-19 09:31:19'),
(46, 'pr-20191103-113949', 1, 2, 3, 2, 20, 0, 0, 150, 0, 0, NULL, 50, 200, 200, 1, 2, NULL, NULL, '2019-11-03 05:39:49', '2019-11-03 05:42:22'),
(47, 'pr-20191109-112510', 1, 1, NULL, 2, 3, 10, 63, 885, 0, 0, NULL, 66, 951, 0, 1, 1, NULL, NULL, '2019-11-09 05:25:10', '2019-11-09 05:25:10'),
(48, 'pr-20191110-070221', 1, 2, NULL, 1, 100, 0, 0, 100, 0, 0, NULL, 40, 140, 0, 1, 1, NULL, NULL, '2019-11-10 13:02:21', '2019-11-10 13:02:21'),
(49, 'pr-20191111-102155', 1, 2, 1, 1, 10, 0, 800, 8800, 0, 0, 0, 50, 8850, 7000, 1, 1, NULL, NULL, '2019-11-11 04:21:55', '2020-01-01 08:22:25'),
(55, 'pr-20191127-102835', 1, 1, NULL, 2, 2, 0, 0, 4, 0, 0, NULL, NULL, 4, 4, 1, 2, NULL, NULL, '2019-11-27 16:28:35', '2020-01-01 08:21:52'),
(56, 'pr-20191127-102906', 1, 2, NULL, 1, 1, 0, 0, 2, 0, 0, 0, 0, 2, 2, 1, 2, NULL, NULL, '2019-11-27 16:29:06', '2020-01-01 08:21:44'),
(57, 'pr-20191204-110749', 1, 1, 1, 1, 1, 0, 0, 200, 0, 0, NULL, 20, 220, 220, 1, 2, NULL, NULL, '2019-12-04 17:07:49', '2019-12-04 17:11:24'),
(58, 'pr-20191205-102110', 1, 1, 1, 2, 2, 0, 0, 4, 0, 0, 0, 0, 4, 4, 1, 2, NULL, NULL, '2019-12-05 04:21:10', '2020-01-01 08:21:37'),
(59, 'pr-20191221-041851', 1, 1, NULL, 3, 3, 0, 0, 6, 0, 0, 0, 0, 6, 6, 1, 2, NULL, NULL, '2019-12-21 10:18:51', '2020-01-01 08:21:31'),
(61, 'pr-20200101-010631', 1, 2, 1, 3, 30, 0, 0, 60, 0, 0, NULL, NULL, 60, 60, 1, 2, NULL, NULL, '2020-01-01 07:06:31', '2020-01-01 07:07:50'),
(62, 'pr-20200101-022402', 1, 2, NULL, 1, 3, 0, 150, 1650, 0, 0, NULL, NULL, 1650, 1650, 1, 2, NULL, NULL, '2020-01-01 08:24:02', '2020-08-12 12:28:52'),
(67, 'pr-20200204-110041', 1, 2, 1, 2, 2, 0, 0, 300, 0, 0, NULL, NULL, 300, 300, 1, 2, NULL, NULL, '2020-02-04 17:00:41', '2020-02-04 17:00:50'),
(69, 'pr-20200302-115510', 1, 2, NULL, 1, 50, 0, 0, 50, 0, 0, NULL, NULL, 50, 50, 1, 2, NULL, NULL, '2020-03-02 05:55:10', '2020-03-02 05:58:20'),
(70, 'pr-20200302-115603', 1, 1, 1, 1, 50, 0, 0, 50, 0, 0, NULL, NULL, 50, 50, 1, 2, NULL, NULL, '2020-03-02 05:56:03', '2020-03-02 05:58:11'),
(71, 'pr-20200406-073512', 1, 2, 3, 3, 11, 0, 150, 3050, 10, 305, NULL, NULL, 3355, 2000, 1, 1, NULL, NULL, '2020-04-06 13:35:12', '2020-04-06 13:38:23'),
(72, 'pr-20200816-100207', 1, 2, 1, 1, 10, 5000, 3750, 28750, 0, 0, NULL, 2000, 30750, 0, 1, 1, NULL, NULL, '2020-08-16 16:02:07', '2020-08-16 16:02:07'),
(73, 'pr-20200927-125533', 1, 1, NULL, 1, 2, 0, 0, 2, 0, 0, 0, 0, 2, 0, 1, 1, NULL, NULL, '2020-09-27 06:55:33', '2020-09-27 09:07:44'),
(74, 'pr-20201024-070201', 1, 2, 1, 2, 15, 0, 5270, 41470, 0, 0, 0, 0, 41470, 0, 1, 1, NULL, NULL, '2020-10-24 01:02:01', '2020-10-24 01:03:16'),
(83, 'pr-20201027-045611', 1, 1, NULL, 1, 2, 0, 0, 2, 0, 0, NULL, NULL, 2, 0, 1, 1, NULL, NULL, '2020-10-26 22:56:11', '2020-10-26 22:56:11'),
(84, 'pr-20201027-045658', 1, 1, NULL, 1, 2, 0, 0, 4, 0, 0, NULL, NULL, 4, 0, 1, 1, NULL, NULL, '2020-10-26 22:56:58', '2020-10-26 22:56:58'),
(85, 'pr-20201102-092952', 1, 1, NULL, 1, 1, 0, 32, 352, 0, 0, NULL, NULL, 352, 0, 1, 1, NULL, 'asasda' + CHAR(13)+CHAR(10) + 'dasdasd', '2020-11-02 03:29:52', '2020-11-02 03:29:52'),
(87, 'pr-20201102-093644', 1, 1, NULL, 1, 1, 0, 32, 352, 0, 0, 0, 0, 352, 0, 1, 1, NULL, 'kjkljklj' + CHAR(13)+CHAR(10) + 'lljkljkljkl' + CHAR(13)+CHAR(10) + 'jhjhjh.', '2020-11-02 03:36:44', '2020-11-02 05:20:34'),
(89, 'pr-20201116-030145', 1, 1, NULL, 2, 2, 0, 32, 353, 0, 0, NULL, NULL, 353, 0, 1, 1, NULL, NULL, '2020-11-16 09:01:45', '2020-11-16 09:01:45'),
(90, 'pr-20201118-061543', 1, 2, NULL, 1, 10, 0, 4500, 34500, 0, 0, 1000, 100, 33600, 33000, 1, 1, NULL, NULL, '2020-11-18 00:15:43', '2020-11-18 00:20:36'),
(98, 'pr-20210307-021405', 1, 1, NULL, 1, 10, 0, 0, 10, 0, 0, NULL, NULL, 10, 0, 1, 1, NULL, NULL, '2021-03-07 08:14:05', '2021-03-07 08:14:05'),
(99, 'pr-20210307-021955', 1, 1, NULL, 1, 5, 0, 0, 5, 0, 0, 0, 0, 5, 0, 1, 1, NULL, NULL, '2021-03-07 08:19:55', '2021-03-09 09:43:48'),
(100, 'pr-20210307-022116', 1, 2, NULL, 1, 10, 0, 0, 10, 0, 0, 0, 0, 10, 0, 1, 1, NULL, NULL, '2021-03-07 08:21:16', '2021-03-09 09:45:19'),
(102, 'pr-20210309-023435', 1, 1, NULL, 1, 5, 0, 0, 5, 0, 0, 0, 0, 5, 0, 1, 1, NULL, NULL, '2021-03-09 08:34:35', '2021-03-11 03:47:53'),
(105, 'pr-20210326-113914', 1, 1, NULL, 2, 2, 0, 0, 101, 0, 0, 0, 0, 101, 0, 1, 1, NULL, NULL, '2021-03-26 05:39:14', '2021-04-09 15:53:48'),
(106, 'pr-20210524-071854', 1, 1, NULL, 1, 1, 0, 32, 352, 0, 0, NULL, NULL, 352, 0, 1, 1, NULL, NULL, '2021-05-24 13:18:54', '2021-05-24 13:18:54'),
(113, 'pr-20210530-014119', 1, 1, NULL, 2, 2, 0, 0, 201, 0, 0, 0, 0, 201, 0, 1, 1, NULL, NULL, '2021-05-30 07:41:19', '2021-05-30 07:41:19'),
(114, 'pr-20210601-032127', 1, 1, NULL, 1, 3, 0, 0, 4.5, 0, 0, NULL, NULL, 4.5, 0, 1, 1, NULL, NULL, '2021-06-01 09:21:27', '2021-06-01 09:21:27'),
(115, 'pr-20210618-082836', 1, 1, NULL, 2, 2, 0, 0, 101, 0, 0, NULL, NULL, 101, 101, 1, 2, NULL, NULL, '2021-06-18 14:28:36', '2021-06-18 14:28:57'),
(116, 'pr-20210619-104822', 1, 1, NULL, 2, 2, 0, 0, 101, 0, 0, NULL, NULL, 101, 101, 1, 2, NULL, NULL, '2021-06-19 04:48:22', '2021-06-19 04:49:03'),
(117, 'pr-20210706-011042', 1, 1, NULL, 1, 5, 0, 0, 10, 0, 0, NULL, NULL, 10, 0, 1, 1, NULL, NULL, '2021-07-06 07:10:42', '2021-07-06 07:10:42'),
(118, 'pr-20210706-011107', 1, 2, NULL, 1, 5, 0, 0, 10, 0, 0, NULL, NULL, 10, 0, 1, 1, NULL, NULL, '2021-07-06 07:11:07', '2021-07-06 07:11:07'),
(119, 'pr-20210921-032813', 1, 1, NULL, 1, 1, 0, 32, 352, 0, 0, NULL, NULL, 352, 0, 3, 1, NULL, NULL, '2021-09-21 09:28:13', '2021-09-21 09:28:13'),
(121, 'pr-20210921-034739', 1, 1, NULL, 2, 2, 0, 0, 101, 0, 0, 0, 0, 101, 0, 1, 1, NULL, NULL, '2021-09-21 09:47:39', '2021-09-21 09:49:38'),
(123, 'pr-20211003-010453', 1, 1, NULL, 2, 2, 0, 80, 980, 0, 0, NULL, NULL, 980, 0, 1, 1, NULL, NULL, '2021-10-03 07:04:53', '2021-10-03 07:04:53'),
(124, 'pr-20211003-010621', 1, 1, NULL, 2, 2, 0, 80, 882, 0, 0, NULL, NULL, 882, 0, 1, 1, NULL, NULL, '2021-10-03 07:06:21', '2021-10-03 07:06:21'),
(128, 'pr-20211020-014234', 1, 1, NULL, 1, 10, 0, 800, 8800, 0, 0, 0, 0, 8800, 0, 2, 1, NULL, NULL, '2021-10-20 07:42:34', '2021-10-20 07:43:40'),
(129, 'pr-20211020-014709', 1, 1, NULL, 1, 1, 0, 80, 880, 0, 0, NULL, NULL, 880, 0, 1, 1, NULL, NULL, '2021-10-20 07:47:09', '2021-10-20 07:47:09'),
(131, 'pr-20211129-012605', 1, 1, NULL, 2, 5, 0, 64, 1304, 0, 0, 0, 0, 1304, 0, 1, 1, NULL, NULL, '2021-11-29 07:26:05', '2021-11-29 07:29:18'),
(132, 'pr-20211207-065825', 1, 1, 1, 3, 3, 0, 80, 982, 0, 0, 0, 0, 982, 0, 1, 1, NULL, NULL, '2021-12-07 12:58:25', '2021-12-07 13:01:11');
SET IDENTITY_INSERT [Purchase] OFF;

-- Seed PurchaseProductReturn
SET IDENTITY_INSERT [PurchaseProductReturn] ON;
INSERT INTO [PurchaseProductReturn] ([Id], [ReturnId], [ProductId], [ProductBatchId], [VariantId], [ImeiNumber], [Qty], [PurchaseUnitId], [NetUnitCost], [Discount], [TaxRate], [Tax], [Total], [CreatedDate], [ModifiedDate]) VALUES
(1, 1, 3, NULL, NULL, NULL, 1, 1, 200, 0, 0, 0, 200, NULL, '2019-12-07 11:19:03');
SET IDENTITY_INSERT [PurchaseProductReturn] OFF;

-- Seed Quotation
SET IDENTITY_INSERT [Quotation] ON;
INSERT INTO [Quotation] ([Id], [ReferenceNo], [UserId], [BillerId], [SupplierId], [CustomerId], [WarehouseId], [Item], [TotalQty], [TotalDiscount], [TotalTax], [TotalPrice], [OrderTaxRate], [OrderTax], [OrderDiscount], [ShippingCost], [GrandTotal], [QuotationStatus], [Document], [Note], [CreatedDate], [ModifiedDate]) VALUES
(1, 'qr-20180809-055250', 1, 1, 3, 3, 1, 3, 57, 35, 767.73, 5930, 10, 583, 100, 500, 6913, 2, NULL, 'first quotation...', '2018-08-08 23:52:50', '2018-09-04 03:32:16'),
(2, 'qr-20180904-040257', 1, 1, NULL, 1, 1, 2, 3.5, 0, 0, 76, 0, 0, 1.6, 2.7, 77.1, 1, NULL, NULL, '2018-09-03 22:02:57', '2018-09-21 07:05:57'),
(3, 'qr-20181023-061249', 9, 1, 3, 11, 1, 2, 2, 0, 40, 453, 0, 0, 0, 0, 453, 2, NULL, NULL, '2018-10-23 00:12:49', '2019-12-21 06:41:36'),
(11, 'qr-20201024-090814', 1, 1, NULL, 1, 1, 1, 2, 0, 3000, 23000, 0, 0, 0, 0, 23000, 1, NULL, NULL, '2020-10-24 03:08:14', '2020-10-24 03:28:35'),
(12, 'qr-20201210-053401', 1, 1, 1, 19, 2, 2, 15, 0, 600, 9100, 0, 0, 100, 500, 9500, 1, NULL, NULL, '2020-12-09 23:34:01', '2020-12-09 23:34:01'),
(13, 'qr-20210112-125803', 1, 1, NULL, 11, 1, 3, 12, 0, 155.65, 1660, 0, 0, 0, 0, 1660, 1, NULL, NULL, '2021-01-12 06:58:03', '2021-01-12 06:59:14'),
(15, 'qr-20210529-105356', 1, 1, NULL, 11, 2, 2, 2, 0, 40, 442, 0, 0, 0, 0, 442, 1, NULL, NULL, '2021-05-29 04:53:56', '2021-05-30 08:04:07');
SET IDENTITY_INSERT [Quotation] OFF;

-- Seed SaleReturn
SET IDENTITY_INSERT [SaleReturn] ON;
INSERT INTO [SaleReturn] ([Id], [ReferenceNo], [UserId], [CashRegisterId], [CustomerId], [WarehouseId], [BillerId], [AccountId], [Item], [TotalQty], [TotalDiscount], [TotalTax], [TotalPrice], [OrderTaxRate], [OrderTax], [GrandTotal], [Document], [ReturnNote], [StaffNote], [CreatedDate], [ModifiedDate]) VALUES
(2, 'rr-20180809-055834', 1, NULL, 1, 1, 1, 1, 1, 20, 0, 0, 40, 10, 4, 44, NULL, NULL, NULL, '2018-08-08 23:58:34', '2018-08-08 23:58:34'),
(3, 'rr-20180828-045527', 1, NULL, 1, 2, 1, 1, 1, 2, 0, 0, 44, 0, 0, 44, NULL, NULL, NULL, '2018-08-27 22:55:27', '2018-09-20 11:03:47'),
(5, 'rr-20181007-082129', 1, NULL, 11, 2, 2, 1, 1, 1, 0, 0, 250, 0, 0, 250, NULL, NULL, NULL, '2018-10-07 02:21:29', '2018-12-25 22:16:08'),
(6, 'rr-20190101-090630', 9, NULL, 1, 1, 1, 1, 1, 1, 0, 40, 440, 0, 0, 440, NULL, NULL, NULL, '2019-01-01 03:06:30', '2019-01-01 03:06:30'),
(13, 'rr-20200816-102502', 1, NULL, 1, 2, 2, 1, 1, 1, 0, 1500, 11500, 0, 0, 11500, NULL, NULL, NULL, '2020-08-16 16:25:02', '2020-08-16 16:25:02'),
(14, 'rr-20201013-053954', 9, 1, 1, 1, 1, 1, 1, 1, 0, 40, 440, 0, 0, 440, NULL, NULL, NULL, '2020-10-13 11:39:54', '2020-10-13 11:39:54'),
(18, 'rr-20201118-070218', 1, 4, 1, 2, 1, 1, 1, 1, 0, 1500, 11500, 0, 0, 11500, NULL, NULL, NULL, '2020-11-18 01:02:18', '2020-11-18 01:02:18'),
(19, 'rr-20201210-064025', 1, 3, 19, 1, 1, 1, 1, 1, 0, 0, 250, 0, 0, 250, NULL, NULL, NULL, '2020-12-10 00:40:25', '2020-12-10 00:40:25'),
(25, 'rr-20210524-073950', 1, 3, 1, 1, 1, 1, 1, 1, 0, 0, 2, 0, 0, 2, NULL, NULL, NULL, '2021-05-24 13:39:50', '2021-05-24 13:39:50');
SET IDENTITY_INSERT [SaleReturn] OFF;

-- Seed ReturnPurchase
SET IDENTITY_INSERT [ReturnPurchase] ON;
INSERT INTO [ReturnPurchase] ([Id], [ReferenceNo], [SupplierId], [WarehouseId], [UserId], [AccountId], [Item], [TotalQty], [TotalDiscount], [TotalTax], [TotalCost], [OrderTaxRate], [OrderTax], [GrandTotal], [Document], [ReturnNote], [StaffNote], [CreatedDate], [ModifiedDate]) VALUES
(1, 'prr-20190101-090759', 3, 1, 1, 1, 1, 1, 0, 0, 200, 0, 0, 200, NULL, NULL, NULL, '2019-01-01 03:07:59', '2019-12-07 11:19:03');
SET IDENTITY_INSERT [ReturnPurchase] OFF;

-- Seed RewardPointSetting
SET IDENTITY_INSERT [RewardPointSetting] ON;
INSERT INTO [RewardPointSetting] ([Id], [PerPointAmount], [MinimumAmount], [Duration], [Type], [IsActive], [CreatedDate], [ModifiedDate]) VALUES
(1, 300, 1000, 1, 'Year', 1, '2021-06-08 15:40:15', '2021-06-27 05:20:55');
SET IDENTITY_INSERT [RewardPointSetting] OFF;

-- Seed Role
SET IDENTITY_INSERT [Role] ON;
INSERT INTO [Role] ([Id], [Name], [Description], [GuardName], [IsActive], [CreatedDate], [ModifiedDate]) VALUES
(1, 'Admin', 'admin can access all data...', 'web', 1, '2018-06-01 23:46:44', '2018-06-02 23:13:05'),
(2, 'Owner', 'Owner of shop...', 'web', 1, '2018-10-22 02:38:13', '2018-10-22 02:38:13'),
(4, 'staff', 'staff has specific acess...', 'web', 1, '2018-06-02 00:05:27', '2018-06-02 00:05:27'),
(5, 'Customer', NULL, 'web', 1, '2020-11-05 06:43:16', '2020-11-15 00:24:15');
SET IDENTITY_INSERT [Role] OFF;

-- Seed RoleHasPermission
INSERT INTO [RoleHasPermission] ([PermissionId], [RoleId]) VALUES
(4, 1),
(4, 2),
(4, 4),
(5, 1),
(5, 2),
(6, 1),
(6, 2),
(6, 4),
(7, 1),
(7, 2),
(7, 4),
(8, 1),
(8, 2),
(8, 4),
(9, 1),
(9, 2),
(9, 4),
(10, 1),
(10, 2),
(11, 1),
(11, 2),
(12, 1),
(12, 2),
(12, 4),
(13, 1),
(13, 2),
(13, 4),
(14, 1),
(14, 2),
(15, 1),
(15, 2),
(16, 1),
(16, 2),
(17, 1),
(17, 2),
(18, 1),
(18, 2),
(19, 1),
(19, 2),
(20, 1),
(20, 2),
(20, 4),
(21, 1),
(21, 2),
(21, 4),
(22, 1),
(22, 2),
(22, 4),
(23, 1),
(23, 2),
(24, 1),
(24, 2),
(24, 4),
(25, 1),
(25, 2),
(25, 4),
(26, 1),
(26, 2),
(27, 1),
(27, 2),
(28, 1),
(28, 2),
(28, 4),
(29, 1),
(29, 2),
(29, 4),
(30, 1),
(30, 2),
(31, 1),
(31, 2),
(32, 1),
(32, 2),
(33, 1),
(33, 2),
(34, 1),
(34, 2),
(35, 1),
(35, 2),
(36, 1),
(36, 2),
(37, 1),
(37, 2),
(38, 1),
(38, 2),
(39, 1),
(39, 2),
(40, 1),
(40, 2),
(41, 1),
(41, 2),
(42, 1),
(42, 2),
(43, 1),
(43, 2),
(44, 1),
(44, 2),
(45, 1),
(45, 2),
(46, 1),
(46, 2),
(47, 1),
(47, 2),
(48, 1),
(48, 2),
(49, 1),
(49, 2),
(50, 1),
(50, 2),
(51, 1),
(51, 2),
(52, 1),
(52, 2),
(53, 1),
(53, 2),
(54, 1),
(54, 2),
(55, 1),
(55, 2),
(55, 4),
(56, 1),
(56, 2),
(56, 4),
(57, 1),
(57, 2),
(57, 4),
(58, 1),
(58, 2),
(59, 1),
(59, 2),
(60, 1),
(60, 2),
(61, 1),
(61, 2),
(62, 1),
(62, 2),
(63, 1),
(63, 2),
(63, 4),
(64, 1),
(64, 2),
(64, 4),
(65, 1),
(65, 2),
(66, 1),
(66, 2),
(67, 1),
(67, 2),
(68, 1),
(68, 2),
(69, 1),
(69, 2),
(70, 1),
(70, 2),
(71, 1),
(71, 2),
(72, 1),
(72, 2),
(73, 1),
(73, 2),
(74, 1),
(74, 2),
(75, 1),
(75, 2),
(76, 1),
(76, 2),
(77, 1),
(77, 2),
(78, 1),
(78, 2),
(79, 1),
(79, 2),
(80, 1),
(80, 2),
(81, 1),
(81, 2),
(82, 1),
(82, 2),
(83, 1),
(83, 2),
(84, 1),
(84, 2),
(85, 1),
(85, 2),
(86, 1),
(86, 2),
(87, 1),
(87, 2),
(88, 1),
(88, 2),
(89, 1),
(89, 2),
(90, 1),
(90, 2),
(91, 1),
(91, 2),
(92, 1),
(92, 2),
(93, 1),
(93, 2),
(94, 1),
(94, 2),
(95, 1),
(95, 2),
(96, 1),
(96, 2),
(97, 1),
(97, 2),
(98, 1),
(98, 2),
(99, 1),
(99, 2),
(100, 1),
(100, 2),
(101, 1),
(101, 2),
(102, 1),
(102, 2),
(103, 1),
(103, 2),
(104, 1),
(104, 2),
(105, 1),
(105, 2);

-- Seed Sale
SET IDENTITY_INSERT [Sale] ON;
INSERT INTO [Sale] ([Id], [ReferenceNo], [UserId], [CashRegisterId], [CustomerId], [WarehouseId], [BillerId], [Item], [TotalQty], [TotalDiscount], [TotalTax], [TotalPrice], [GrandTotal], [OrderTaxRate], [OrderTax], [OrderDiscount], [CouponId], [CouponDiscount], [ShippingCost], [SaleStatus], [PaymentStatus], [Document], [PaidAmount], [SaleNote], [StaffNote], [CreatedDate], [ModifiedDate]) VALUES
(1, 'sr-20180808-043622', 1, NULL, 1, 1, 1, 2, 3, 10, 15.65, 350, 380, 10, 30, 50, NULL, NULL, 50, 1, 2, NULL, 0, 'ukgjkgjkgkj', 'gjkgjkgkujg', '2018-08-08 10:36:22', '2018-10-06 09:25:29'),
(2, 'sr-20180809-055453', 1, NULL, 3, 1, 1, 3, 63, 0, 469.3, 5103, 5503, 0, 0, 100, NULL, NULL, 500, 1, 2, NULL, 2200, NULL, NULL, '2018-08-08 23:54:53', '2018-08-08 23:56:35'),
(3, 'posr-20180809-063214', 1, NULL, 2, 2, 2, 3, 26, 0, 0, 897, 897, 0, 0, NULL, NULL, NULL, NULL, 1, 4, NULL, 897, NULL, NULL, '2018-08-09 00:32:14', '2018-08-09 00:32:14'),
(4, 'sr-20180825-034836', 1, NULL, 1, 1, 1, 1, 2, 0, 80, 880, 880, 0, 0, NULL, NULL, NULL, NULL, 1, 2, NULL, 300, NULL, NULL, '2018-08-24 21:48:36', '2018-09-22 02:56:03'),
(6, 'sr-20180826-094836', 1, NULL, 2, 1, 2, 1, 1, 0, 0, 18.9, 20, 0, 0, 0, NULL, NULL, 1.1, 1, 4, NULL, 20, NULL, NULL, '2018-08-26 03:48:36', '2018-08-26 05:48:05'),
(7, 'sr-20180827-073545', 1, NULL, 1, 1, 1, 1, 2, 0, 80, 880, 880, 0, 0, NULL, NULL, NULL, NULL, 1, 4, NULL, 880, NULL, NULL, '2018-08-27 01:35:45', '2018-08-27 01:35:45'),
(8, 'posr-20180902-053954', 1, NULL, 1, 1, 2, 1, 2, 0, 288, 3168, 3529.8, 10, 311.8, 50, NULL, NULL, 100, 1, 4, NULL, 3529.8, 'good customer', 'good customer', '2018-09-01 23:39:54', '2018-09-01 23:39:54'),
(9, 'posr-20180903-033314', 1, NULL, 1, 2, 1, 1, 10, 0, 0, 20, 20, 0, 0, NULL, NULL, NULL, NULL, 1, 4, NULL, 20, NULL, NULL, '2018-09-02 21:33:14', '2018-09-02 21:33:14'),
(10, 'posr-20180903-050138', 1, NULL, 11, 2, 1, 1, 1, 0, 0, 250, 250, 0, 0, NULL, NULL, NULL, NULL, 1, 2, NULL, 200, NULL, NULL, '2018-09-02 23:01:38', '2018-09-09 21:40:28'),
(11, 'posr-20180903-100821', 1, NULL, 11, 2, 1, 1, 5, 0, 500, 5500, 5500, 0, 0, NULL, NULL, NULL, NULL, 1, 4, NULL, 5500, NULL, NULL, '2018-09-03 04:08:21', '2018-09-03 04:08:21'),
(12, 'sr-20180903-101026', 1, NULL, 3, 1, 5, 1, 10, 0, 1050, 11550, 11550, 0, 0, NULL, NULL, NULL, NULL, 1, 2, NULL, 0, NULL, NULL, '2018-09-03 04:10:26', '2018-09-22 02:55:14'),
(29, 'sr-20180909-093841', 1, NULL, 1, 1, 1, 1, 1, 0, 0, 120, 132, 10, 12, NULL, NULL, NULL, NULL, 1, 2, NULL, 0, NULL, NULL, '2018-09-09 03:38:41', '2018-10-06 02:36:52'),
(30, 'posr-20180910-045706', 1, NULL, 11, 2, 1, 1, 1, 0, 40, 440, 440, 0, 0, 0, NULL, NULL, 0, 1, 2, NULL, 120, NULL, NULL, '2018-09-09 22:57:06', '2018-10-06 00:53:20'),
(31, 'posr-20180926-092059', 1, NULL, 11, 2, 1, 2, 2, 0, 55.65, 560, 560, 0, 0, 0, NULL, NULL, 0, 1, 4, NULL, 560, NULL, NULL, '2018-09-26 03:20:59', '2018-09-26 03:21:25'),
(32, 'posr-20181004-095547', 1, NULL, 11, 2, 1, 1, 1, 0, 40, 440, 440, 0, 0, NULL, NULL, NULL, NULL, 1, 2, NULL, NULL, NULL, NULL, '2018-10-04 03:55:47', '2018-10-04 03:55:47'),
(33, 'posr-20181004-100022', 1, NULL, 11, 2, 1, 1, 1, 0, 40, 440, 440, 0, 0, NULL, NULL, NULL, NULL, 1, 2, NULL, NULL, NULL, NULL, '2018-10-04 04:00:22', '2018-10-04 04:00:22'),
(37, 'sr-20181007-064605', 1, NULL, 1, 1, 1, 1, 1, 0, 0, 250, 250, 0, 0, NULL, NULL, NULL, NULL, 1, 2, NULL, 0, NULL, NULL, '2018-10-07 00:46:05', '2018-10-07 00:46:28'),
(38, 'posr-20181007-064719', 1, NULL, 11, 2, 1, 1, 1, 0, 40, 440, 440, 0, 0, NULL, NULL, NULL, NULL, 1, 2, NULL, 0, NULL, NULL, '2018-10-07 00:47:19', '2018-10-07 03:17:02'),
(40, 'posr-20181007-071312', 1, NULL, 11, 2, 1, 1, 1, 0, 40, 440, 440, 0, 0, NULL, NULL, NULL, NULL, 1, 2, NULL, 0, NULL, NULL, '2018-10-07 01:13:12', '2018-10-07 03:17:39'),
(41, 'posr-20181010-041621', 1, NULL, 1, 2, 1, 2, 2, 0, 40, 461, 461, 0, 0, NULL, NULL, NULL, NULL, 1, 4, NULL, 461, NULL, NULL, '2018-10-09 22:16:21', '2018-10-09 22:16:21'),
(42, 'posr-20181010-053450', 1, NULL, 1, 2, 1, 1, 1, 0, 40, 440, 440, 0, 0, NULL, NULL, NULL, NULL, 1, 4, NULL, 440, NULL, NULL, '2018-10-09 23:34:50', '2018-10-09 23:34:50'),
(43, 'sr-20181016-033434', 1, NULL, 1, 1, 1, 1, 1, 0, 40, 440, 440, 0, 0, NULL, NULL, NULL, NULL, 1, 2, NULL, 0, 'sss' + CHAR(13)+CHAR(10) + 'sss' + CHAR(13)+CHAR(10) + 's', NULL, '2018-10-15 21:34:34', '2018-10-23 00:21:27'),
(55, 'posr-20181021-065334', 1, NULL, 11, 2, 1, 1, 1, 0, 0, 250, 250, 0, 0, NULL, NULL, NULL, NULL, 1, 4, NULL, 250, NULL, NULL, '2018-10-21 00:53:34', '2018-10-21 00:53:34'),
(57, 'posr-20181021-082612', 1, NULL, 11, 2, 1, 2, 3, 0, 40, 482, 575.2, 10, 43.2, 50, NULL, NULL, 100, 1, 4, NULL, 575.2, NULL, NULL, '2018-10-21 02:26:12', '2018-10-21 02:26:12'),
(58, 'posr-20181022-032723', 1, NULL, 11, 2, 1, 2, 2, 0, 100, 1220, 1220, 0, 0, NULL, NULL, NULL, NULL, 1, 4, NULL, 1220, NULL, NULL, '2018-10-22 09:27:23', '2018-10-22 09:27:23'),
(73, 'posr-20181023-071543', 11, NULL, 11, 1, 5, 2, 5, 0, 500, 5500, 5500, 0, 0, NULL, NULL, NULL, NULL, 1, 4, NULL, 5500, NULL, NULL, '2018-10-23 01:15:43', '2018-10-23 01:15:43'),
(74, 'posr-20181023-071644', 1, NULL, 11, 2, 1, 3, 3, 0, 200, 2320, 2320, 0, 0, NULL, NULL, NULL, NULL, 1, 4, NULL, 2320, NULL, NULL, '2018-10-23 01:16:44', '2018-10-23 01:16:44'),
(75, 'posr-20181101-050027', 1, NULL, 11, 2, 1, 5, 12, 0, 626.96, 6980, 7678, 10, 698, NULL, NULL, NULL, NULL, 1, 4, NULL, 7678, NULL, NULL, '2018-10-31 23:00:27', '2018-10-31 23:00:27'),
(76, 'posr-20181101-050126', 1, NULL, 11, 2, 1, 3, 6, 0, 100, 1434, 1424, 0, 0, 10, NULL, NULL, 0, 1, 4, NULL, 1424, NULL, NULL, '2018-10-31 23:01:26', '2018-11-08 03:44:51'),
(79, 'posr-20181105-091516', 1, NULL, 11, 2, 1, 7, 52, 0, 1069.57, 14454, 14454, 0, 0, NULL, NULL, NULL, NULL, 1, 4, NULL, 14454, NULL, NULL, '2018-11-05 03:15:16', '2018-11-05 03:15:16'),
(80, 'posr-20181105-091958', 1, NULL, 11, 2, 1, 3, 8, 0, 191.3, 2500, 2500, 0, 0, NULL, NULL, NULL, NULL, 1, 4, NULL, 2500, NULL, NULL, '2018-11-05 03:19:58', '2018-11-05 03:19:58'),
(86, 'posr-20181105-095948', 1, NULL, 11, 2, 1, 1, 1, 0, 100, 1100, 1100, 0, 0, NULL, NULL, NULL, NULL, 1, 4, NULL, 1100, NULL, NULL, '2018-11-05 03:59:48', '2018-11-05 03:59:48'),
(88, 'posr-20181105-100258', 1, NULL, 11, 2, 1, 1, 1, 0, 100, 1100, 1100, 0, 0, NULL, NULL, NULL, NULL, 1, 4, NULL, 1100, NULL, NULL, '2018-11-05 04:02:58', '2018-11-05 04:02:58'),
(94, 'posr-20181126-020534', 1, NULL, 11, 2, 1, 1, 1, 0, 15.65, 120, 120, 0, 0, NULL, NULL, NULL, NULL, 1, 4, NULL, 120, NULL, NULL, '2018-11-26 08:05:34', '2018-11-26 08:05:34'),
(95, 'posr-20181127-093608', 1, NULL, 11, 2, 1, 1, 3, 0, 0, 360, 360, 0, 0, NULL, NULL, NULL, NULL, 1, 2, NULL, NULL, NULL, NULL, '2018-11-27 03:36:08', '2018-11-27 03:36:08'),
(96, 'posr-20181128-071509', 1, NULL, 11, 2, 1, 1, 1, 0, 15.65, 120, 132, 10, 12, NULL, NULL, NULL, NULL, 1, 4, NULL, 132, NULL, NULL, '2018-11-28 01:15:09', '2018-11-28 01:15:09'),
(97, 'posr-20181201-060518', 1, NULL, 11, 2, 1, 2, 3, 0, 31.3, 262, 262, 0, 0, NULL, NULL, NULL, NULL, 1, 2, NULL, 200, NULL, NULL, '2018-12-01 00:05:18', '2018-12-04 00:21:05'),
(98, 'posr-20181205-053558', 1, NULL, 11, 2, 1, 2, 4, 0, 0, 800, 800, 0, 0, NULL, NULL, NULL, NULL, 1, 4, NULL, 800, NULL, NULL, '2018-12-04 23:35:58', '2018-12-04 23:35:58'),
(99, 'posr-20181205-053719', 1, NULL, 11, 1, 1, 2, 4, 0, 0, 800, 800, 0, 0, NULL, NULL, NULL, NULL, 1, 4, NULL, 800, NULL, NULL, '2018-12-04 23:37:19', '2018-12-04 23:37:19'),
(101, 'posr-20181208-062026', 1, NULL, 11, 2, 1, 1, 1, 0, 0, 100, 100, 0, 0, NULL, NULL, NULL, NULL, 1, 4, NULL, 100, NULL, NULL, '2018-12-08 00:20:26', '2018-12-08 00:20:26'),
(103, 'posr-20181224-045832', 1, NULL, 11, 2, 1, 1, 1, 0, 15.65, 120, 120, 0, 0, NULL, NULL, NULL, NULL, 1, 4, NULL, 120, NULL, NULL, '2018-12-23 22:58:32', '2018-12-23 22:58:32'),
(104, 'sr-20181224-091527', 1, NULL, 1, 1, 2, 2, 6, 0, 0, 2508, 2518, 0, 0, 0, NULL, NULL, 10, 1, 2, NULL, NULL, NULL, NULL, '2018-12-24 03:15:27', '2018-12-24 21:55:23'),
(105, 'posr-20190101-054538', 1, NULL, 1, 2, 1, 1, 1, 0, 0, 21, 21, 0, 0, NULL, NULL, NULL, NULL, 1, 4, NULL, 21, NULL, NULL, '2018-12-31 23:45:38', '2018-12-31 23:45:38'),
(106, 'posr-20190101-091040', 1, NULL, 11, 2, 1, 3, 5, 0, 15.65, 860, 860, 0, 0, NULL, NULL, NULL, NULL, 1, 4, NULL, 860, NULL, NULL, '2019-01-01 03:10:40', '2019-01-01 03:10:40'),
(107, 'posr-20190103-065626', 1, NULL, 11, 2, 1, 6, 10, 0, 395.65, 5040, 5040, 0, 0, NULL, NULL, NULL, NULL, 1, 4, NULL, 5040, NULL, NULL, '2019-01-03 00:56:26', '2019-01-03 00:56:26'),
(108, 'posr-20190120-035824', 1, NULL, 11, 2, 1, 1, 1, 0, 15.65, 120, 120, 0, 0, NULL, NULL, NULL, NULL, 1, 4, NULL, 120, NULL, NULL, '2019-01-20 09:58:24', '2019-01-20 09:58:24'),
(109, 'posr-20190129-101443', 9, NULL, 11, 1, 5, 2, 2, 0, 40, 540, 540, 0, 0, NULL, NULL, NULL, NULL, 1, 4, NULL, 540, NULL, NULL, '2019-01-29 04:14:43', '2019-01-29 04:14:43'),
(110, 'posr-20190129-115041', 9, NULL, 11, 1, 5, 2, 3, 0, 100, 1700, 1700, 0, 0, NULL, NULL, NULL, NULL, 1, 4, NULL, 1700, NULL, NULL, '2019-01-29 05:50:41', '2019-01-29 05:50:41'),
(111, 'posr-20190131-110839', 9, NULL, 11, 1, 5, 2, 2, 0, 0, 271, 271, 0, 0, NULL, NULL, NULL, NULL, 1, 4, NULL, 271, NULL, NULL, '2019-01-31 05:08:39', '2019-01-31 05:08:39'),
(112, 'posr-20190202-104045', 1, NULL, 11, 2, 1, 1, 1, 0, 40, 440, 440, 0, 0, NULL, NULL, NULL, NULL, 1, 4, NULL, 440, NULL, NULL, '2019-02-02 04:40:45', '2019-02-02 04:40:45'),
(113, 'posr-20190202-114117', 1, NULL, 11, 2, 1, 2, 2, 0, 0, 350, 350, 0, 0, NULL, NULL, NULL, NULL, 1, 4, NULL, 350, NULL, NULL, '2019-02-02 05:41:17', '2019-02-02 05:41:17'),
(114, 'posr-20190205-030445', 1, NULL, 11, 2, 1, 1, 1, 0, 40, 440, 440, 0, 0, NULL, NULL, NULL, NULL, 1, 4, NULL, 440, NULL, NULL, '2019-02-05 09:04:45', '2019-02-05 09:04:45'),
(118, 'posr-20190207-111542', 1, NULL, 11, 2, 1, 1, 1, 0, 40, 440, 440, 0, 0, NULL, NULL, NULL, NULL, 3, 2, NULL, NULL, NULL, NULL, '2019-02-07 05:15:42', '2019-02-07 05:15:42'),
(120, 'sr-20190207-114036', 1, NULL, 1, 1, 2, 1, 1, 0, 40, 440, 440, 0, 0, NULL, NULL, NULL, NULL, 1, 2, NULL, 50, NULL, NULL, '2019-02-07 05:40:36', '2019-02-07 07:09:15'),
(121, 'posr-20190209-104814', 1, NULL, 11, 2, 1, 7, 17, 0, 55.65, 1272, 1272, 0, 0, NULL, NULL, NULL, NULL, 1, 4, NULL, 1272, NULL, NULL, '2019-02-09 04:48:14', '2019-02-09 04:48:14'),
(123, 'posr-20190219-023214', 1, NULL, 11, 2, 1, 1, 1, 0, 40, 440, 440, 0, 0, NULL, NULL, NULL, NULL, 1, 4, NULL, 440, NULL, NULL, '2019-02-19 08:32:14', '2019-02-19 08:32:14'),
(127, 'posr-20190303-104010', 1, NULL, 11, 2, 1, 3, 3, 0, 200, 2500, 2500, 0, 0, NULL, NULL, NULL, NULL, 1, 4, NULL, 2500, NULL, NULL, '2019-03-03 04:40:10', '2019-03-03 04:40:10'),
(128, 'posr-20190404-095555', 1, NULL, 11, 2, 1, 2, 2, 0, 55.65, 560, 560, 0, 0, NULL, NULL, NULL, NULL, 1, 4, NULL, 560, NULL, NULL, '2019-04-04 03:55:55', '2019-04-04 03:55:55'),
(129, 'posr-20190404-095937', 1, NULL, 11, 2, 1, 1, 2, 0, 0, 240, 240, 0, 0, 0, NULL, NULL, 0, 1, 2, NULL, 120, NULL, NULL, '2019-04-04 03:59:37', '2019-04-11 04:50:16'),
(130, 'posr-20190421-122124', 1, NULL, 11, 2, 1, 3, 3, 0, 58.78, 586, 586, 0, 0, NULL, NULL, NULL, NULL, 1, 4, NULL, 586, NULL, NULL, '2019-04-21 06:21:24', '2019-04-21 06:21:24'),
(131, 'posr-20190528-103229', 1, NULL, 11, 2, 1, 4, 4, 0, 240, 2890, 2890, 0, 0, NULL, NULL, NULL, NULL, 1, 4, NULL, 2890, NULL, NULL, '2019-05-28 04:32:29', '2019-05-28 04:32:29'),
(132, 'posr-20190613-101637', 1, NULL, 11, 2, 1, 3, 3, 0, 40, 840, 840, 0, 0, NULL, NULL, NULL, NULL, 1, 4, NULL, 840, NULL, NULL, '2019-06-13 04:16:37', '2019-06-13 04:16:37'),
(133, 'posr-20190613-101751', 1, NULL, 11, 2, 1, 3, 4, 0, 200, 2700, 2700, 0, 0, NULL, NULL, NULL, NULL, 1, 4, NULL, 2700, NULL, NULL, '2019-06-13 04:17:51', '2019-06-13 04:17:51'),
(134, 'posr-20191019-033028', 1, NULL, 11, 2, 1, 4, 4, 0, 240, 2940, 2940, 0, 0, NULL, NULL, NULL, NULL, 1, 4, NULL, 2940, NULL, NULL, '2019-10-19 09:30:28', '2019-10-19 09:30:28'),
(138, 'sr-20191031-122937', 1, NULL, 1, 1, 1, 1, 1, 0, 0, 120, 120, 0, 0, NULL, NULL, NULL, NULL, 1, 1, NULL, NULL, NULL, NULL, '2019-10-31 06:29:37', '2019-10-31 06:29:37'),
(139, 'posr-20191103-114044', 1, NULL, 11, 2, 1, 2, 102, 0, 37.57, 488, 488, 0, 0, NULL, NULL, NULL, NULL, 1, 4, NULL, 488, NULL, NULL, '2019-11-03 05:40:44', '2019-11-03 05:40:44'),
(144, 'posr-20191109-074131', 1, NULL, 11, 2, 1, 2, 2, 0, 100, 1220, 1220, 0, 0, 0, NULL, NULL, 0, 1, 4, NULL, 1220, NULL, NULL, '2019-11-09 13:41:31', '2019-11-09 13:41:31'),
(147, 'posr-20191111-104008', 1, NULL, 11, 2, 1, 3, 12, 0, 200, 2220, 2220, 0, 0, NULL, NULL, NULL, NULL, 1, 4, NULL, 2220, NULL, NULL, '2019-11-11 04:40:08', '2019-11-11 04:40:08'),
(172, 'posr-20191203-034631', 1, NULL, 11, 2, 1, 1, 1, 0, 40, 440, 440, 0, 0, NULL, NULL, NULL, NULL, 1, 2, NULL, NULL, NULL, NULL, '2019-12-03 09:46:31', '2019-12-03 09:46:31'),
(173, 'sr-20191204-111940', 1, NULL, 2, 1, 1, 2, 2, 0, 36, 621, 621, 0, 0, NULL, NULL, NULL, NULL, 1, 4, NULL, 621, NULL, NULL, '2019-12-04 17:19:40', '2019-12-05 03:27:12'),
(187, 'posr-20191222-104058', 1, NULL, 11, 2, 1, 1, 2, 0, 37.57, 288, 288, 0, 0, NULL, NULL, NULL, NULL, 1, 4, NULL, 288, NULL, NULL, '2019-12-22 04:40:58', '2019-12-22 04:40:58'),
(190, 'posr-20191223-125946', 1, NULL, 11, 2, 1, 1, 1, 0, 100, 1100, 1100, 0, 0, NULL, NULL, NULL, NULL, 1, 4, NULL, 1100, NULL, NULL, '2019-12-23 06:59:46', '2019-12-23 06:59:46'),
(193, 'posr-20200101-022028', 1, NULL, 11, 2, 1, 1, 1, 0, 100, 1100, 1100, 0, 0, NULL, NULL, NULL, NULL, 1, 4, NULL, 1100, NULL, NULL, '2020-01-01 08:20:28', '2020-01-01 08:20:28'),
(194, 'posr-20200102-043947', 1, NULL, 11, 2, 1, 2, 3, 0, 81.57, 892, 892, 0, 0, NULL, NULL, NULL, NULL, 1, 4, NULL, 892, NULL, NULL, '2020-01-02 10:39:47', '2020-01-02 10:39:47'),
(201, 'posr-20200203-035256', 1, NULL, 11, 2, 1, 1, 1, 0, 0, 120, 120, 0, 0, NULL, NULL, NULL, NULL, 1, 4, NULL, 120, NULL, NULL, '2020-02-03 09:52:56', '2020-02-03 09:52:56'),
(202, 'posr-20200204-105853', 1, NULL, 11, 2, 1, 2, 2, 0, 100, 1400, 1400, 0, 0, NULL, NULL, NULL, NULL, 1, 4, NULL, 1400, NULL, NULL, '2020-02-04 16:58:53', '2020-02-04 16:58:53'),
(203, 'posr-20200302-115414', 1, NULL, 11, 2, 1, 2, 2, 0, 0, 350, 350, 0, 0, NULL, NULL, NULL, NULL, 1, 4, NULL, 350, NULL, NULL, '2020-03-02 05:54:14', '2020-03-02 05:54:14'),
(204, 'posr-20200302-115741', 1, NULL, 11, 2, 1, 1, 20, 0, 0, 40, 40, 0, 0, NULL, NULL, NULL, NULL, 1, 4, NULL, 40, NULL, NULL, '2020-03-02 05:57:41', '2020-03-02 05:57:41'),
(205, 'posr-20200311-044641', 1, NULL, 11, 2, 1, 1, 1, 0, 40, 440, 352, 0, 0, NULL, 1, 88, NULL, 1, 4, NULL, 352, NULL, NULL, '2020-03-11 10:46:42', '2020-03-11 10:46:42'),
(206, 'sr-20200311-045230', 1, NULL, 1, 1, 1, 1, 1, 0, 0, 120, 120, 0, 0, 0, NULL, NULL, 0, 1, 2, NULL, NULL, NULL, NULL, '2020-03-11 10:52:30', '2020-03-11 10:54:04'),
(207, 'posr-20200406-074024', 1, NULL, 11, 2, 1, 3, 4, 0, 18.78, 644, 644, 0, 0, 0, NULL, NULL, 0, 1, 4, NULL, 644, NULL, NULL, '2020-04-06 13:40:24', '2020-04-06 13:42:01'),
(208, 'posr-20200506-105950', 1, NULL, 11, 2, 1, 2, 2, 0, 140, 1540, 1540, 0, 0, NULL, NULL, NULL, NULL, 1, 4, NULL, 1540, NULL, NULL, '2020-05-06 16:59:50', '2020-05-06 16:59:50'),
(209, 'posr-20200609-124248', 1, NULL, 11, 2, 1, 2, 2, 0, 100, 1220, 1220, 0, 0, NULL, NULL, NULL, NULL, 1, 4, NULL, 1220, NULL, NULL, '2020-06-09 06:42:48', '2020-06-09 06:42:48'),
(212, 'posr-20200703-063914', 1, NULL, 11, 2, 1, 3, 3, 0, 235, 2585, 2585, 0, 0, NULL, NULL, NULL, NULL, 1, 4, NULL, 2585, NULL, NULL, '2020-07-03 12:39:14', '2020-07-03 12:39:14'),
(213, 'posr-20200712-095153', 1, NULL, 11, 2, 1, 1, 1, 0, 0, 13, 13, 0, 0, NULL, NULL, NULL, NULL, 1, 4, NULL, 13, NULL, NULL, '2020-07-12 15:51:53', '2020-07-12 15:51:53'),
(214, 'posr-20200714-115341', 1, NULL, 11, 2, 1, 1, 1, 0, 0, 250, 309.5, 10, 24.5, 5, NULL, NULL, 40, 3, 2, NULL, NULL, NULL, NULL, '2020-07-14 05:53:41', '2020-07-14 05:53:41'),
(217, 'posr-20200727-083808', 1, NULL, 11, 2, 1, 1, 1, 0, 35, 385, 385, 0, 0, NULL, NULL, NULL, NULL, 1, 4, NULL, 385, NULL, NULL, '2020-07-27 14:38:08', '2020-07-27 14:38:08'),
(218, 'posr-20200727-084024', 1, NULL, 11, 2, 1, 1, 1, 0, 35, 385, 385, 0, 0, NULL, NULL, NULL, NULL, 1, 4, NULL, 385, NULL, NULL, '2020-07-27 14:40:24', '2020-07-27 14:40:24'),
(219, 'posr-20200727-084644', 1, NULL, 11, 2, 1, 1, 1, 0, 35, 385, 385, 0, 0, NULL, NULL, NULL, NULL, 1, 4, NULL, 385, NULL, NULL, '2020-07-27 14:46:45', '2020-07-27 14:46:45'),
(220, 'posr-20200812-062804', 1, NULL, 11, 2, 1, 3, 6, 0, 0, 760, 760, 0, 0, NULL, NULL, NULL, NULL, 1, 4, NULL, 760, NULL, NULL, '2020-08-12 12:28:04', '2020-08-12 12:28:04'),
(221, 'posr-20200812-063035', 1, NULL, 11, 2, 1, 1, 1, 0, 100, 1100, 1100, 0, 0, NULL, NULL, NULL, NULL, 1, 4, NULL, 1100, NULL, NULL, '2020-08-12 12:30:35', '2020-08-12 12:30:35'),
(222, 'posr-20200816-100424', 1, NULL, 11, 2, 1, 1, 2, 0, 3000, 23000, 23000, 0, 0, NULL, NULL, NULL, NULL, 1, 4, NULL, 23000, NULL, NULL, '2020-08-16 16:04:24', '2020-08-16 16:04:24'),
(223, 'posr-20200816-100523', 1, NULL, 11, 2, 1, 1, 1, 0, 40, 440, 440, 0, 0, NULL, NULL, NULL, NULL, 1, 4, NULL, 440, NULL, NULL, '2020-08-16 16:05:23', '2020-08-16 16:07:35'),
(224, 'sr-20200826-080139', 1, NULL, 1, 1, 1, 1, 3, 30, 117, 1287, 1287, 0, 0, NULL, NULL, NULL, NULL, 1, 1, NULL, NULL, NULL, NULL, '2020-08-26 14:01:39', '2020-08-26 14:01:39'),
(230, 'posr-20201017-092852', 9, 2, 11, 1, 5, 1, 1, 0, 0, 250, 250, 0, 0, NULL, NULL, NULL, NULL, 1, 2, NULL, 350, NULL, NULL, '2020-10-17 15:28:52', '2020-10-18 04:51:38'),
(231, 'sr-20201018-111333', 9, 2, 1, 1, 5, 1, 1, 0, 40, 440, 440, 0, 0, NULL, NULL, NULL, NULL, 1, 2, NULL, 250, NULL, NULL, '2020-10-18 05:13:33', '2020-10-18 05:17:24'),
(232, 'posr-20201022-013014', 9, 2, 11, 1, 5, 1, 1, 0, 0, 100, 100, 0, 0, NULL, NULL, NULL, NULL, 1, 4, NULL, 100, NULL, NULL, '2020-10-22 07:30:14', '2020-10-22 07:30:14'),
(233, 'posr-20201022-015604', 1, 3, 11, 1, 1, 1, 1, 0, 0, 250, 250, 0, 0, NULL, NULL, NULL, NULL, 1, 4, NULL, 250, NULL, NULL, '2020-10-22 07:56:04', '2020-10-22 07:56:04'),
(234, 'posr-20201024-070506', 1, 4, 11, 2, 1, 1, 1, 0, 1500, 11500, 11500, 0, 0, NULL, NULL, NULL, NULL, 1, 4, NULL, 11500, NULL, NULL, '2020-10-24 01:05:06', '2020-10-24 01:05:06'),
(235, 'posr-20201024-070751', 1, 4, 11, 2, 1, 1, 1, 0, 0, 250, 250, 0, 0, NULL, NULL, NULL, NULL, 1, 4, NULL, 250, NULL, NULL, '2020-10-24 01:07:51', '2020-10-24 01:07:51'),
(237, 'posr-20201024-034601', 1, 4, 11, 2, 1, 3, 9, 0, 7900, 61900, 61900, 0, 0, NULL, NULL, NULL, NULL, 1, 4, NULL, 61900, NULL, NULL, '2020-10-24 09:46:01', '2020-10-24 09:46:01'),
(239, 'posr-20201027-054002', 1, 3, 11, 1, 1, 1, 1, 0, 0, 2, 2, 0, 0, NULL, NULL, NULL, NULL, 1, 4, NULL, 2, NULL, NULL, '2020-10-26 23:40:02', '2020-10-26 23:40:02'),
(240, 'posr-20201027-054206', 1, 3, 11, 1, 1, 1, 2, 0, 0, 6, 6, 0, 0, NULL, NULL, NULL, NULL, 1, 4, NULL, 6, NULL, NULL, '2020-10-26 23:42:06', '2020-10-26 23:42:06'),
(241, 'posr-20201027-063200', 1, 4, 11, 2, 1, 1, 1, 0, 0, 250, 250, 0, 0, NULL, NULL, NULL, NULL, 1, 4, NULL, 250, NULL, NULL, '2020-10-27 00:32:00', '2020-10-27 00:32:00'),
(242, 'posr-20201029-073030', 1, 4, 11, 2, 1, 1, 1, 0, 0, 250, 250, 0, 0, NULL, NULL, NULL, NULL, 1, 4, NULL, 250, NULL, NULL, '2020-10-29 01:30:30', '2020-10-29 01:30:30'),
(243, 'posr-20201101-072112', 1, 4, 11, 2, 1, 1, 1, 0, 0, 250, 250, 0, 0, NULL, NULL, NULL, NULL, 1, 4, NULL, 250, NULL, NULL, '2020-11-01 01:21:12', '2020-11-01 01:21:12'),
(245, 'posr-20201101-074223', 1, 3, 11, 1, 5, 2, 3, 0, 80, 1130, 1130, NULL, 0, 0, NULL, NULL, 0, 1, 4, NULL, 1130, NULL, NULL, '2020-11-01 01:42:23', '2020-11-01 01:42:23'),
(246, 'posr-20201101-075017', 1, 4, 11, 2, 1, 1, 1, 0, 40, 440, 440, 0, 0, 0, NULL, NULL, 0, 1, 4, NULL, 440, 'ssss' + CHAR(13)+CHAR(10) + 'ssas', 'hhhh' + CHAR(13)+CHAR(10) + 'kkkk', '2020-11-01 01:50:17', '2020-11-02 10:39:17'),
(250, 'posr-20201106-013041', 1, 4, 11, 2, 1, 1, 1, 0, 34.4, 378.4, 378.4, 0, 0, NULL, NULL, NULL, NULL, 1, 4, NULL, 378.4, NULL, NULL, '2020-11-06 07:30:41', '2020-11-06 07:30:41'),
(251, 'posr-20201109-011524', 1, 4, 19, 2, 1, 2, 2, 0, 34.4, 610.6, 610.6, 0, 0, NULL, NULL, NULL, NULL, 1, 2, NULL, 500, NULL, NULL, '2020-11-09 07:15:24', '2020-11-09 07:15:24'),
(252, 'posr-20201111-055858', 1, 3, 11, 1, 1, 1, 1, 0, 0, 229.5, 229.5, 0, 0, NULL, NULL, NULL, NULL, 1, 4, NULL, 229.5, NULL, NULL, '2020-11-10 23:58:58', '2020-11-10 23:58:58'),
(253, 'posr-20201114-064736', 1, 4, 11, 2, 1, 3, 3, 0, 1275, 10242.5, 10242.5, 0, 0, NULL, NULL, NULL, NULL, 1, 4, NULL, 10242.5, NULL, NULL, '2020-11-14 00:47:36', '2020-11-14 00:47:36'),
(256, 'posr-20201117-064748', 1, 4, 11, 2, 1, 2, 2, 0, 65, 715, 715, 0, 0, NULL, NULL, NULL, NULL, 1, 4, NULL, 715, NULL, NULL, '2020-11-17 00:47:48', '2020-11-17 00:47:48'),
(257, 'posr-20201117-070919', 1, 4, 11, 2, 1, 1, 1, 0, 0, 250, 250, 0, 0, NULL, NULL, NULL, NULL, 1, 4, NULL, 250, NULL, NULL, '2020-11-17 01:09:19', '2020-11-17 01:09:19'),
(258, 'posr-20201118-065239', 1, 4, 11, 2, 1, 1, 3, 0, 4500, 34500, 27200, 0, 0, 600, 1, 6800, 100, 1, 4, NULL, 27200, NULL, NULL, '2020-11-18 00:52:39', '2020-11-18 00:52:39'),
(262, '1111', 1, 3, 1, 1, 1, 1, 2, 0, 3000, 23000, 23000, 0, 0, 0, NULL, NULL, 0, 1, 1, NULL, NULL, NULL, NULL, '2020-11-28 23:21:30', '2020-11-28 23:21:30'),
(263, 'posr-20201208-093957', 1, 4, 11, 2, 1, 1, 1, 0, 40, 440, 440, 0, 0, NULL, NULL, NULL, NULL, 1, 2, NULL, 350, NULL, NULL, '2020-12-08 03:39:57', '2021-01-06 08:23:50'),
(270, 'sr-20210111-014535', 1, 3, 1, 1, 1, 2, 2, 0, 137.57, 1388, 1388, 0, 0, 0, NULL, NULL, 0, 1, 2, NULL, NULL, NULL, NULL, '2021-01-11 07:45:35', '2021-01-11 07:58:44'),
(271, 'posr-20210111-021625', 1, 3, 19, 1, 2, 3, 4, 0, 98.78, 1274, 1274, 0, 0, NULL, NULL, NULL, NULL, 1, 4, NULL, 1274, NULL, NULL, '2021-01-11 08:16:25', '2021-01-11 08:16:25'),
(274, 'posr-20210113-070243', 1, 4, 11, 2, 1, 4, 15, 40, 91.65, 1556, 1556, 0, 0, NULL, NULL, NULL, NULL, 1, 4, NULL, 1556, NULL, NULL, '2021-01-13 01:02:43', '2021-01-13 01:02:43'),
(275, 'posr-20210201-023748', 1, 4, 11, 2, 1, 1, 1, 0, 40, 440, 484, 10, 44, NULL, NULL, NULL, NULL, 1, 4, NULL, 484, NULL, NULL, '2021-02-01 08:37:48', '2021-02-01 08:37:48'),
(277, 'posr-20210216-070948', 1, 4, 11, 2, 1, 15, 15, 0, 1758.78, 15156, 15156, 0, 0, NULL, NULL, NULL, NULL, 1, 4, NULL, 15156, NULL, NULL, '2021-02-16 01:09:48', '2021-02-16 01:09:48'),
(278, 'posr-20210217-073238', 1, 4, 11, 2, 1, 5, 6, 0, 3140, 24910, 26949.9, 10, 2440.9, 501, NULL, NULL, 100, 1, 4, NULL, 26949.9, NULL, NULL, '2021-02-17 01:32:38', '2021-02-17 01:32:38'),
(279, 'sr-20210311-014034', 1, 3, 1, 1, 1, 1, 2, 0, 0, 4, 4, 0, 0, NULL, NULL, NULL, NULL, 1, 1, NULL, NULL, NULL, NULL, '2021-03-11 07:40:34', '2021-03-11 07:40:34'),
(280, 'sr-20210317-041411', 1, 3, 1, 1, 1, 1, 1, 0, 0, 2, 2, 0, 0, NULL, NULL, NULL, NULL, 1, 1, NULL, NULL, NULL, NULL, '2021-03-16 22:14:11', '2021-03-16 22:14:11'),
(282, 'sr-20210318-054729', 1, 3, 1, 2, 1, 1, 1, 0, 0, 2, 2, 0, 0, 0, NULL, NULL, 0, 1, 2, NULL, NULL, NULL, NULL, '2021-03-17 23:47:29', '2021-03-20 04:59:57'),
(288, 'sr-20210412-014046', 1, 3, 11, 1, 1, 1, 1, 0, 0, 120, 120, 0, 0, NULL, NULL, NULL, NULL, 1, 1, NULL, NULL, NULL, NULL, '2021-04-12 07:40:46', '2021-04-12 07:40:46'),
(289, 'posr-20210524-071424', 1, 4, 11, 2, 1, 2, 2, 0, 40, 690, 640, 0, 0, 50, NULL, NULL, NULL, 1, 4, NULL, 640, NULL, NULL, '2021-05-24 13:14:24', '2021-05-24 13:14:24'),
(290, 'sr-20210524-071512', 1, 3, 1, 1, 1, 1, 1, 0, 0, 120, 120, 0, 0, 0, NULL, NULL, 0, 1, 4, NULL, 120, NULL, NULL, '2021-05-24 13:15:12', '2021-05-24 13:46:47'),
(294, 'posr-20210601-123530', 1, 4, 11, 2, 1, 1, 1, 0, 40, 440, 440, 0, 0, NULL, NULL, NULL, NULL, 1, 4, NULL, 440, NULL, NULL, '2021-06-01 06:35:30', '2021-06-01 06:35:30'),
(295, 'posr-20210601-032209', 1, 3, 11, 1, 1, 1, 1, 0, 0, 2, 2, 0, 0, NULL, NULL, NULL, NULL, 1, 4, NULL, 2, NULL, NULL, '2021-06-01 09:22:09', '2021-06-01 09:22:09'),
(296, 'posr-20210601-034624', 1, 3, 11, 1, 1, 1, 1, 0, 0, 2, 2, 0, 0, NULL, NULL, NULL, NULL, 1, 4, NULL, 2, NULL, NULL, '2021-06-01 09:46:24', '2021-06-01 09:46:24'),
(297, 'posr-20210601-074150', 9, 2, 11, 1, 5, 1, 1, 0, 0, 250, 250, 0, 0, NULL, NULL, NULL, NULL, 1, 4, NULL, 250, NULL, NULL, '2021-06-01 13:41:50', '2021-06-01 13:41:50'),
(298, 'posr-20210601-075547', 9, 2, 11, 1, 5, 1, 1, 0, 0, 2, 2, 0, 0, NULL, NULL, NULL, NULL, 1, 4, NULL, 2, NULL, NULL, '2021-06-01 13:55:47', '2021-06-01 13:55:47'),
(299, 'posr-20210616-105325', 1, 4, 11, 2, 1, 1, 1, 0, 100, 1100, 1100, 0, 0, NULL, NULL, NULL, NULL, 1, 4, NULL, 1100, NULL, NULL, '2021-06-16 04:53:25', '2021-06-16 04:53:25'),
(300, 'posr-20210616-111033', 1, 4, 19, 2, 1, 1, 1, 0, 40, 440, 440, 0, 0, NULL, NULL, NULL, NULL, 1, 4, NULL, 440, NULL, NULL, '2021-06-16 05:10:33', '2021-06-16 05:10:33'),
(301, 'posr-20210616-111111', 1, 4, 19, 2, 1, 2, 2, 0, 200, 2200, 2200, 0, 0, NULL, NULL, NULL, NULL, 1, 4, NULL, 2200, NULL, NULL, '2021-06-16 05:11:11', '2021-06-16 05:11:11'),
(302, 'posr-20210616-080452', 1, 4, 11, 2, 1, 1, 1, 0, 40, 440, 440, 0, 0, NULL, NULL, NULL, NULL, 1, 4, NULL, 440, NULL, NULL, '2021-06-16 14:04:52', '2021-06-16 14:04:52'),
(303, 'posr-20210616-080543', 1, 4, 11, 2, 1, 1, 1, 0, 40, 440, 440, 0, 0, NULL, NULL, NULL, NULL, 1, 4, NULL, 440, NULL, NULL, '2021-06-16 14:05:43', '2021-06-16 14:05:43'),
(304, 'posr-20210616-080634', 1, 4, 19, 2, 1, 1, 1, 0, 40, 440, 440, 0, 0, NULL, NULL, NULL, NULL, 1, 4, NULL, 440, NULL, NULL, '2021-06-16 14:06:34', '2021-06-17 06:13:59'),
(305, 'posr-20210616-082842', 1, 4, 19, 2, 1, 1, 1, 0, 40, 440, 440, 0, 0, NULL, NULL, NULL, NULL, 1, 4, NULL, 440, NULL, NULL, '2021-06-16 14:28:42', '2021-06-16 14:28:42'),
(306, 'sr-20210617-115553', 1, 3, 19, 1, 1, 1, 1, 0, 100, 1100, 1100, 0, 0, NULL, NULL, NULL, NULL, 1, 4, NULL, 1100, NULL, NULL, '2021-06-17 05:55:53', '2021-06-17 05:55:53'),
(307, 'sr-20210617-122349', 1, 3, 19, 1, 1, 1, 2, 0, 200, 2200, 2200, 0, 0, 0, NULL, NULL, 0, 1, 2, NULL, 100, NULL, NULL, '2021-06-17 06:23:49', '2021-06-17 09:00:13'),
(308, 'posr-20210618-083127', 1, 4, 11, 2, 1, 2, 5, 0, 157.57, 1608, 1608, 0, 0, NULL, NULL, NULL, NULL, 1, 4, NULL, 1608, NULL, NULL, '2021-06-18 14:31:27', '2021-06-18 14:31:27'),
(309, 'posr-20210618-083254', 1, 3, 11, 1, 1, 1, 1, 0, 0, 2, 2, 0, 0, NULL, NULL, NULL, NULL, 1, 4, NULL, 2, NULL, NULL, '2021-06-18 14:32:54', '2021-06-18 14:32:54'),
(310, 'posr-20210619-105121', 1, 4, 11, 2, 1, 6, 6, 0, 58.78, 958, 958, 0, 0, NULL, NULL, NULL, NULL, 1, 4, NULL, 958, NULL, NULL, '2021-06-19 04:51:21', '2021-06-19 04:51:21'),
(311, 'sr-20210619-105344', 1, 5, 11, 1, 1, 1, 1, 0, 40, 440, 440, 0, 0, NULL, NULL, NULL, NULL, 1, 1, NULL, NULL, NULL, NULL, '2021-06-19 04:53:44', '2021-06-19 04:53:44'),
(312, 'posr-20210619-110231', 1, 4, 11, 2, 1, 1, 1, 0, 40, 440, 440, 0, 0, NULL, NULL, NULL, NULL, 1, 4, NULL, 440, NULL, NULL, '2021-06-19 05:02:31', '2021-06-19 05:02:31'),
(313, 'posr-20210619-110628', 1, 4, 19, 2, 1, 1, 1, 0, 0, 250, 250, 0, 0, NULL, NULL, NULL, NULL, 1, 4, NULL, 250, NULL, NULL, '2021-06-19 05:06:28', '2021-06-19 05:06:28'),
(314, 'posr-20210627-124247', 1, 4, 11, 2, 1, 1, 1, 0, 100, 1100, 1100, 0, 0, NULL, NULL, NULL, NULL, 1, 4, NULL, 1100, NULL, NULL, '2021-06-27 06:42:47', '2021-06-27 06:42:47'),
(317, 'posr-20210707-103455', 1, 4, 11, 2, 1, 1, 1, 0, 0, 18, 18, 0, 0, NULL, NULL, NULL, NULL, 1, 4, NULL, 18, NULL, NULL, '2021-07-07 04:34:55', '2021-07-07 04:34:55'),
(325, 'posr-20210814-092805', 1, 4, 11, 2, 1, 1, 2, 0, 0, 2400, 2400, 0, 0, 0, NULL, NULL, 0, 1, 2, NULL, 1250, NULL, NULL, '2021-08-14 15:28:05', '2021-08-14 15:34:27'),
(333, 'posr-20210921-010722', 1, 4, 11, 2, 1, 1, 1, 0, 0, 2, 2, NULL, 0, 0, NULL, NULL, 0, 1, 4, NULL, 2, NULL, NULL, '2021-09-21 07:07:22', '2021-09-21 07:07:22'),
(334, 'posr-20210921-035020', 1, 4, 11, 2, 1, 1, 1, 0, 0, 120, 120, 0, 0, NULL, NULL, NULL, NULL, 1, 4, NULL, 120, NULL, NULL, '2021-09-21 09:50:20', '2021-09-21 09:50:20'),
(335, 'posr-20210923-024704', 1, 4, 11, 2, 1, 1, 0.5, 0, 0, 11, 11, 0, 0, NULL, NULL, NULL, NULL, 1, 4, NULL, 11, NULL, NULL, '2021-09-23 08:47:04', '2021-09-23 08:47:04'),
(336, 'posr-20211003-051829', 1, 4, 11, 2, 1, 2, 2, 0, 100, 1220, 1220, 0, 0, NULL, NULL, NULL, NULL, 1, 4, NULL, 1220, NULL, NULL, '2021-10-03 11:18:29', '2021-10-03 11:18:29'),
(338, 'posr-20211003-054404', 1, 4, 11, 2, 1, 1, 1, 0, 100, 1100, 1100, 0, 0, NULL, NULL, NULL, NULL, 1, 4, NULL, 1100, NULL, NULL, '2021-10-03 11:44:04', '2021-10-03 11:44:04'),
(340, 'posr-20211007-025229', 1, 4, 11, 2, 1, 1, 1, 0, 100, 1100, 1100, 0, 0, NULL, NULL, NULL, NULL, 1, 4, NULL, 1100, NULL, NULL, '2021-10-07 08:52:29', '2021-10-07 08:52:29'),
(341, 'posr-20211007-033840', 1, 4, 11, 2, 1, 1, 1, 0, 100, 1100, 1100, 0, 0, NULL, NULL, NULL, NULL, 1, 4, NULL, 1100, NULL, NULL, '2021-10-07 09:38:40', '2021-10-07 09:38:40'),
(342, 'sr-20211009-121242', 1, 4, 11, 2, 1, 2, 3, 0, 200, 2320, 2320, 0, 0, 0, NULL, NULL, 0, 1, 2, NULL, NULL, NULL, NULL, '2021-10-09 06:12:42', '2021-10-09 10:22:39'),
(343, 'sr-20211009-043232', 1, 4, 11, 2, 1, 1, 2, 0, 200, 2200, 2200, 0, 0, NULL, NULL, NULL, NULL, 1, 1, NULL, NULL, NULL, NULL, '2021-10-09 10:32:32', '2021-10-09 10:32:32'),
(348, 'posr-20211014-035820', 1, 4, 19, 2, 1, 1, 1, 0, 100, 1100, 1100, 0, 0, NULL, NULL, NULL, NULL, 1, 4, NULL, 1100, NULL, NULL, '2021-10-14 09:58:20', '2021-10-14 09:58:20'),
(349, 'posr-20211020-011209', 1, 4, 11, 2, 1, 1, 1, 0, 0, 102, 102, 0, 0, NULL, NULL, NULL, NULL, 1, 4, NULL, 102, NULL, NULL, '2021-10-20 07:12:09', '2021-10-20 07:12:09'),
(353, 'posr-20211114-013929', 1, 4, 11, 2, 1, 1, 1, 0, 34, 374, 374, NULL, 0, 0, NULL, NULL, 0, 1, 4, NULL, 374, NULL, NULL, '2021-11-14 07:39:29', '2021-11-14 07:39:29'),
(354, 'sr-20211115-120309', 1, 4, 11, 2, 1, 3, 3, 0, 140, 1542, 1542, 0, 0, 0, NULL, NULL, 0, 1, 1, NULL, NULL, NULL, NULL, '2021-11-15 06:03:09', '2021-11-15 06:03:09'),
(355, 'posr-20211124-062857', 1, 4, 11, 2, 1, 5, 6, 0, 240, 3161, 3161, 0, 0, NULL, NULL, NULL, NULL, 1, 4, NULL, 3161, NULL, NULL, '2021-11-24 12:28:57', '2021-11-24 12:28:57'),
(356, 'posr-20211207-070932', 1, 4, 11, 2, 1, 3, 3, 0, 40, 573, 573, 0, 0, NULL, NULL, NULL, NULL, 1, 4, NULL, 573, NULL, NULL, '2021-12-07 13:09:32', '2021-12-07 13:09:32');
SET IDENTITY_INSERT [Sale] OFF;

-- Seed StockCount
SET IDENTITY_INSERT [StockCount] ON;
INSERT INTO [StockCount] ([Id], [ReferenceNo], [WarehouseId], [CategoryId], [BrandId], [UserId], [Type], [InitialFile], [FinalFile], [Note], [IsAdjusted], [CreatedDate], [ModifiedDate]) VALUES
(1, 'scr-20190228-124939', 2, NULL, NULL, 1, 'full', '20190228-124939.csv', NULL, NULL, 0, '2019-02-28 06:49:39', '2019-02-28 06:49:39');
SET IDENTITY_INSERT [StockCount] OFF;

-- Seed Supplier
SET IDENTITY_INSERT [Supplier] ON;
INSERT INTO [Supplier] ([Id], [Name], [Image], [CompanyName], [VatNumber], [Email], [PhoneNumber], [Address], [City], [State], [PostalCode], [Country], [IsActive], [CreatedDate], [ModifiedDate]) VALUES
(1, 'abdullah', 'globaltouch.jpg', 'global touch', NULL, 'abdullah@globaltouch.com', '231231', 'fsdfs', 'fsdfs', NULL, NULL, 'bd', 1, '2018-05-12 22:06:34', '2019-12-21 10:58:47'),
(2, 'test', 'lion.jpg', 'lion', NULL, 'lion@gmail.com', '242', 'gfdg', 'fgd', NULL, NULL, NULL, 0, '2018-05-29 23:59:41', '2018-05-30 00:00:06'),
(3, 'ismail', NULL, 'techbd', NULL, 'ismail@test.com', '23123123', 'mohammadpur', 'dhaka', NULL, NULL, 'bangladesh', 1, '2018-07-20 04:34:17', '2018-07-20 04:34:17'),
(4, 'modon', 'mogaFruit.jpg', 'mogaFruit', NULL, 'modon@gmail.com', '32321', 'nasirabad', 'chittagong', NULL, NULL, 'bd', 0, '2018-09-01 04:30:07', '2018-09-01 04:37:20'),
(5, 'sadman', NULL, 'anda boda', 'dsa', 'asd@dsa.com', '3212313', 'dadas', 'sdad', 'Other', '1312', 'Australia', 0, '2020-06-22 09:48:33', '2020-06-22 09:48:52');
SET IDENTITY_INSERT [Supplier] OFF;

-- Seed Tax
SET IDENTITY_INSERT [Tax] ON;
INSERT INTO [Tax] ([Id], [Name], [Rate], [IsActive], [CreatedDate], [ModifiedDate]) VALUES
(1, 'vat@10', 10, 1, '2018-05-12 09:58:30', '2019-03-02 11:46:10'),
(2, 'vat@15', 15, 1, '2018-05-12 09:58:43', '2018-05-27 23:35:05'),
(3, 'test', 6, 0, '2018-05-27 23:32:54', '2018-05-27 23:34:44'),
(4, 'vat 20', 20, 1, '2018-09-01 00:58:57', '2018-09-01 00:58:57');
SET IDENTITY_INSERT [Tax] OFF;

-- Seed Transfer
SET IDENTITY_INSERT [Transfer] ON;
INSERT INTO [Transfer] ([Id], [ReferenceNo], [UserId], [Status], [FromWarehouseId], [ToWarehouseId], [Item], [TotalQty], [TotalTax], [TotalCost], [ShippingCost], [GrandTotal], [Document], [Note], [CreatedDate], [ModifiedDate]) VALUES
(1, 'tr-20180808-051710', 1, 1, 2, 1, 1, 100, 0, 100, 0, 100, NULL, NULL, '2018-08-08 11:17:10', '2018-12-24 22:16:55'),
(6, 'tr-20191205-075504', 1, 1, 1, 2, 1, 1, 0, 2, 0, 2, NULL, NULL, '2019-12-05 13:55:04', '2019-12-05 14:09:42'),
(8, 'tr-20200122-123058', 1, 1, 1, 2, 1, 10, 0, 1000, NULL, 1000, NULL, NULL, '2020-01-22 06:30:58', '2020-01-22 06:30:58'),
(10, 'tr-20201008-012735', 9, 1, 1, 2, 1, 1, 32, 352, 0, 352, NULL, NULL, '2020-10-08 07:27:35', '2020-10-08 07:29:35'),
(11, 'tr-20201018-061708', 9, 1, 1, 2, 1, 1, 0, 1, NULL, 1, NULL, NULL, '2020-10-18 12:17:08', '2020-10-18 12:17:08'),
(12, 'tr-20201024-090146', 1, 1, 2, 1, 1, 10, 4500, 34500, NULL, 34500, NULL, NULL, '2020-10-24 03:01:46', '2020-10-24 03:01:46');
SET IDENTITY_INSERT [Transfer] OFF;

-- Seed ProductUnit
SET IDENTITY_INSERT [ProductUnit] ON;
INSERT INTO [ProductUnit] ([Id], [UnitCode], [UnitName], [BaseUnit], [Operator], [OperationValue], [IsActive], [CreatedDate], [ModifiedDate]) VALUES
(1, 'pc', 'Piece', NULL, '*', 1, 1, '2018-05-12 02:27:46', '2018-08-17 21:41:53'),
(2, 'dozen', 'dozen box', 1, '*', 12, 1, '2018-05-12 09:57:05', '2018-05-12 09:57:05'),
(3, 'cartoon', 'cartoon box', 1, '*', 24, 1, '2018-05-12 09:57:45', '2020-03-11 10:36:59'),
(4, 'm', 'meter', NULL, '*', 1, 1, '2018-05-12 09:58:07', '2018-05-27 23:20:57'),
(6, 'test', 'test', NULL, '*', 1, 0, '2018-05-27 23:20:20', '2018-05-27 23:20:25'),
(7, 'kg', 'kilogram', NULL, '*', 1, 1, '2018-06-25 00:49:26', '2018-06-25 00:49:26'),
(8, '20', 'ni33', 8, '*', 1, 0, '2018-07-31 22:35:51', '2018-07-31 22:40:54'),
(9, 'gm', 'gram', 7, '/', 1000, 1, '2018-09-01 00:06:28', '2018-09-01 00:06:28'),
(10, 'gz', 'goz', NULL, '*', 1, 0, '2018-11-29 03:40:29', '2019-03-02 11:53:29');
SET IDENTITY_INSERT [ProductUnit] OFF;

-- Seed User
SET IDENTITY_INSERT [User] ON;
INSERT INTO [User] ([Id], [Name], [Email], [Password], [RememberToken], [Phone], [CompanyName], [RoleId], [BillerId], [WarehouseId], [IsActive], [IsDeleted], [CreatedDate], [ModifiedDate]) VALUES
(1, 'admin', 'admin@gmail.com', '$2y$10$DWAHTfjcvwCpOCXaJg11MOhsqns03uvlwiSUOQwkHL2YYrtrXPcL6', 'KFfFoPjceyeQ7fxvs8FEDcCUmzEDDKOqlcMiN3T92mEOH7FsGb3zysi52zQR', '12112', 'lioncoders', 1, NULL, NULL, 1, 0, '2018-06-02 03:24:15', '2018-09-05 00:14:15'),
(3, 'dhiman da', 'dhiman@gmail.com', '$2y$10$Fef6vu5E67nm11hX7V5a2u1ThNCQ6n9DRCvRF9TD7stk.Pmt2R6O.', '5ehQM6JIfiQfROgTbB5let0Z93vjLHS7rd9QD5RPNgOxli3xdo7fykU7vtTt', '212', 'lioncoders', 1, NULL, NULL, 0, 1, '2018-06-13 22:00:31', '2020-11-05 07:06:51'),
(6, 'test', 'test@gmail.com', '$2y$10$TDAeHcVqHyCmurki0wjLZeIl1SngKX3WLOhyTiCoZG3souQfqv.LS', 'KpW1gYYlOFacumklO2IcRfSsbC3KcWUZzOI37gqoqM388Xie6KdhaOHIFEYm', '1234', '212312', 4, NULL, NULL, 0, 1, '2018-06-23 03:05:33', '2018-06-23 03:13:45'),
(8, 'test', 'test@yahoo.com', '$2y$10$hlMigidZV0j2/IPkgE/xsOSb8WM2IRlsMv.1hg1NM7kfyd6bGX3hC', NULL, '31231', NULL, 4, NULL, NULL, 0, 1, '2018-06-24 22:35:49', '2018-07-02 01:07:39'),
(9, 'staff', 'anda@gmail.com', '$2y$10$kxDbnynB6mB1e1w3pmtbSOlSxy/WwbLPY5TJpMi0Opao5ezfuQjQm', 'dLNcktdks0IxKepKusPC61sjhCPt6UXBhYwXwxbQe89o2ZOQBJo5YZ9oteEA', '3123', NULL, 4, 5, 1, 1, 0, '2018-07-02 01:08:08', '2018-10-23 21:41:13'),
(10, 'abul', 'abul@alpha.com', '$2y$10$5zgB2OOMyNBNVAd.QOQIju5a9fhNnTqPx5H6s4oFlXhNiF6kXEsPq', 'x7HlttI5bM0vSKViqATaowHFJkLS3PHwfvl7iJdFl5Z1SsyUgWCVbLSgAoi0', '1234', 'anda', 1, NULL, NULL, 0, 0, '2018-09-07 23:44:48', '2018-09-07 23:44:48'),
(11, 'teststaff', 'a@a.com', '$2y$10$5KNBIIhZzvvZEQEhkHaZGu.Q8bbQNfqYvYgL5N55B8Pb4P5P/b/Li', 'DkHDEcCA0QLfsKPkUK0ckL0CPM6dPiJytNa0k952gyTbeAyMthW3vi7IRitp', '111', 'aa', 4, 5, 1, 0, 1, '2018-10-22 02:47:56', '2018-10-23 02:10:56'),
(12, 'john', 'john@gmail.com', '$2y$10$P/pN2J/uyTYNzQy2kRqWwuSv7P2f6GE/ykBwtHdda7yci3XsfOKWe', 'O0f1WJBVjT5eKYl3Js5l1ixMMtoU6kqrH7hbHDx9I1UCcD9CmiSmCBzHbQZg', '10001', NULL, 4, 2, 2, 0, 1, '2018-12-30 00:48:37', '2019-03-06 04:59:49'),
(13, 'jjj', 'test@test.com', '$2y$10$/Qx3gHWYWUhlF1aPfzXaCeZA7fRzfSEyCIOnk/dcC4ejO8PsoaalG', NULL, '1213', NULL, 1, NULL, NULL, 0, 1, '2019-01-03 00:08:31', '2019-03-03 04:02:29'),
(19, 'shakalaka', 'shakalaka@gmail.com', '$2y$10$ketLWT0Ib/JXpo00eJlxoeSw.7leS8V1CUGInfbyOWT4F5.Xuo7S2', NULL, '1212', 'Digital image', 5, NULL, NULL, 1, 0, '2020-11-09 00:07:16', '2020-11-09 00:07:16'),
(21, 'modon', 'modon@gmail.com', '$2y$10$7VpoeGMkP8QCvL5zLwFW..6MYJ5MRumDLDoX.TTQtClS561rpFHY.', NULL, '2222', 'modon company', 5, NULL, NULL, 1, 0, '2020-11-13 07:12:08', '2020-11-13 07:12:08'),
(22, 'dhiman', 'dhiman@gmail.com', '$2y$10$3mPygsC6wwnDtw/Sg85IpuExtUhgaHx52Lwp7Rz0.FNfuFdfKVpRq', NULL, '+8801111111101', 'lioncoders', 5, NULL, NULL, 1, 0, '2020-11-15 06:14:58', '2020-11-15 06:14:58');
SET IDENTITY_INSERT [User] OFF;

-- Seed Variant
SET IDENTITY_INSERT [Variant] ON;
INSERT INTO [Variant] ([Id], [Name], [CreatedDate], [ModifiedDate]) VALUES
(2, 'Medium', '2019-11-21 07:03:04', '2019-11-24 08:43:52'),
(3, 'Small', '2019-11-21 07:03:04', '2019-11-24 08:43:52'),
(5, 'Large', '2019-11-24 06:07:20', '2019-11-24 08:44:56'),
(9, 'a', '2020-05-18 16:44:14', '2020-05-18 16:44:14'),
(11, 'b', '2020-05-18 16:53:49', '2020-05-18 16:53:49'),
(12, 'variant 1', '2020-09-27 06:08:27', '2020-09-27 06:08:27'),
(13, 'variant 2', '2020-09-27 06:08:27', '2020-09-27 06:08:27'),
(15, 'S', '2020-11-16 06:09:33', '2020-11-16 06:09:33'),
(16, 'M', '2020-11-16 06:09:33', '2020-11-16 06:09:33'),
(17, 'L', '2020-11-16 06:09:33', '2020-11-16 06:09:33');
SET IDENTITY_INSERT [Variant] OFF;

-- Seed Warehouse
SET IDENTITY_INSERT [Warehouse] ON;
INSERT INTO [Warehouse] ([Id], [Name], [Phone], [Email], [Address], [IsActive], [CreatedDate], [ModifiedDate]) VALUES
(1, 'warehouse 1', '2312121', 'war1@lion.com', 'khatungonj, chittagong', 1, '2018-05-12 07:51:44', '2019-03-02 15:40:17'),
(2, 'warehouse 2', '1234', NULL, 'boropul, chittagong', 1, '2018-05-12 08:09:03', '2018-06-19 22:30:38'),
(3, 'test', NULL, NULL, 'dqwdeqw', 0, '2018-05-30 00:14:23', '2018-05-30 00:14:47'),
(6, 'gudam', '2121', '', 'gazipur', 0, '2018-08-31 22:53:26', '2018-08-31 22:54:48');
SET IDENTITY_INSERT [Warehouse] OFF;
